id,cpf_cidadao,servico_slug,servico_nome,categoria,data_solicitacao,dias_para_concluir,status,nota_satisfacao,verificacao_facial_falhou
1,104.965.823-05,passaporte,Solicitar Passaporte,Viagens e Turismo,2025-11-22,18,Concluído,3.8,False
2,104.965.823-05,entregar-imposto-renda,Entregar Imposto de Renda,Finanças e Impostos,2025-12-13,1,Concluído,4.0,False
3,104.965.823-05,carteira-trabalho,Carteira de Trabalho Digital,Trabalho e Previdência,2026-03-05,3,Concluído,3.7,False
4,863.742.091-50,consultar-imposto-renda,Consultar Imposto de Renda,Finanças e Impostos,2026-01-15,1,Concluído,3.2,False
5,863.742.091-50,consultar-restituicao,Consultar Restituição,Finanças e Impostos,2025-10-10,1,Concluído,3.7,False
6,863.742.091-50,assinatura-eletronica,Assinatura Eletrônica,Identidade Digital,2026-08-27,3,Concluído,5.0,False
7,863.742.091-50,entregar-imposto-renda,Entregar Imposto de Renda,Finanças e Impostos,2026-07-25,4,Concluído,3.4,False
8,407.983.521-32,assinatura-eletronica,Assinatura Eletrônica,Identidade Digital,2025-10-14,1,Concluído,4.6,False
9,407.983.521-32,passaporte,Solicitar Passaporte,Viagens e Turismo,2026-05-02,8,Concluído,4.6,False
10,407.983.521-32,consultar-imposto-renda,Consultar Imposto de Renda,Finanças e Impostos,2026-03-30,2,Concluído,3.3,False
11,407.983.521-32,consultar-restituicao,Consultar Restituição,Finanças e Impostos,2026-04-05,1,Concluído,3.6,False
12,164.352.987-00,carteira-trabalho,Carteira de Trabalho Digital,Trabalho e Previdência,2026-08-10,5,Concluído,4.5,False
13,276.954.183-82,consultar-restituicao,Consultar Restituição,Finanças e Impostos,2026-07-26,1,Concluído,3.6,False
14,769.128.453-55,passaporte,Solicitar Passaporte,Viagens e Turismo,2026-08-31,21,Concluído,4.1,False
15,769.128.453-55,entregar-imposto-renda,Entregar Imposto de Renda,Finanças e Impostos,2026-03-07,2,Concluído,4.1,False
16,128.653.097-03,consultar-imposto-renda,Consultar Imposto de Renda,Finanças e Impostos,2026-08-05,1,Concluído,3.9,False
17,128.653.097-03,cnh-digital,CNH Digital e Segunda Via,Trânsito,2026-01-03,10,Concluído,3.5,False
18,514.386.029-60,passaporte,Solicitar Passaporte,Viagens e Turismo,2026-04-20,11,Concluído,3.5,False
19,514.386.029-60,assinatura-eletronica,Assinatura Eletrônica,Identidade Digital,2026-03-22,2,Atrasado,4.6,False
20,514.386.029-60,consultar-restituicao,Consultar Restituição,Finanças e Impostos,2026-01-24,1,Concluído,4.2,False
21,890.423.761-04,assinatura-eletronica,Assinatura Eletrônica,Identidade Digital,2025-11-24,1,Concluído,5.0,False
22,890.423.761-04,consultar-imposto-renda,Consultar Imposto de Renda,Finanças e Impostos,2025-10-12,1,Concluído,4.3,False
23,890.423.761-04,consultar-restituicao,Consultar Restituição,Finanças e Impostos,2026-08-20,2,Concluído,4.0,False
24,890.423.761-04,entregar-imposto-renda,Entregar Imposto de Renda,Finanças e Impostos,2026-04-21,3,Concluído,3.5,False
25,297.418.306-96,passaporte,Solicitar Passaporte,Viagens e Turismo,2025-11-01,12,Atrasado,4.8,False
26,297.418.306-96,consultar-imposto-renda,Consultar Imposto de Renda,Finanças e Impostos,2026-07-06,1,Concluído,3.4,False
27,503.418.627-62,cnh-digital,CNH Digital e Segunda Via,Trânsito,2025-11-22,7,Em andamento,3.9,False
28,503.418.627-62,consultar-restituicao,Consultar Restituição,Finanças e Impostos,2026-06-04,2,Em andamento,5.0,False
29,503.418.627-62,assinatura-eletronica,Assinatura Eletrônica,Identidade Digital,2026-04-28,1,Concluído,4.2,False
30,973.685.102-86,cnh-digital,CNH Digital e Segunda Via,Trânsito,2026-01-18,10,Atrasado,3.6,False
31,973.685.102-86,entregar-imposto-renda,Entregar Imposto de Renda,Finanças e Impostos,2026-02-23,6,Concluído,3.7,False
32,973.685.102-86,passaporte,Solicitar Passaporte,Viagens e Turismo,2026-02-24,19,Concluído,3.9,False
33,973.685.102-86,assinatura-eletronica,Assinatura Eletrônica,Identidade Digital,2025-10-05,1,Concluído,4.1,False
34,513.864.709-10,assinatura-eletronica,Assinatura Eletrônica,Identidade Digital,2026-01-16,3,Concluído,4.8,False
35,513.864.709-10,passaporte,Solicitar Passaporte,Viagens e Turismo,2025-11-06,12,Atrasado,4.0,False
36,513.864.709-10,consultar-imposto-renda,Consultar Imposto de Renda,Finanças e Impostos,2026-04-13,1,Concluído,4.1,False
37,132.865.940-24,entregar-imposto-renda,Entregar Imposto de Renda,Finanças e Impostos,2026-01-05,4,Concluído,4.2,False
38,723.810.465-26,consultar-restituicao,Consultar Restituição,Finanças e Impostos,2025-11-18,1,Concluído,4.2,False
39,723.810.465-26,entregar-imposto-renda,Entregar Imposto de Renda,Finanças e Impostos,2026-07-26,4,Em andamento,3.2,False
40,723.810.465-26,carteira-trabalho,Carteira de Trabalho Digital,Trabalho e Previdência,2025-09-26,3,Atrasado,4.1,True
41,723.810.465-26,cnh-digital,CNH Digital e Segunda Via,Trânsito,2025-09-28,3,Concluído,4.7,True
42,136.049.728-50,consultar-imposto-renda,Consultar Imposto de Renda,Finanças e Impostos,2026-07-30,1,Concluído,3.6,False
43,136.049.728-50,assinatura-eletronica,Assinatura Eletrônica,Identidade Digital,2026-09-04,2,Atrasado,4.8,False
44,136.049.728-50,consultar-restituicao,Consultar Restituição,Finanças e Impostos,2026-06-01,2,Concluído,4.9,False
45,510.349.762-06,cnh-digital,CNH Digital e Segunda Via,Trânsito,2026-03-30,9,Concluído,2.7,False
46,510.349.762-06,consultar-imposto-renda,Consultar Imposto de Renda,Finanças e Impostos,2026-07-02,2,Concluído,4.2,False
47,480.592.731-32,passaporte,Solicitar Passaporte,Viagens e Turismo,2026-09-01,15,Atrasado,4.2,False
48,487.205.319-23,consultar-imposto-renda,Consultar Imposto de Renda,Finanças e Impostos,2026-05-02,2,Concluído,4.6,False
49,120.684.937-13,consultar-restituicao,Consultar Restituição,Finanças e Impostos,2026-01-28,1,Concluído,3.8,False
50,623.915.708-21,carteira-trabalho,Carteira de Trabalho Digital,Trabalho e Previdência,2025-10-12,2,Em andamento,3.5,False
51,623.915.708-21,assinatura-eletronica,Assinatura Eletrônica,Identidade Digital,2026-02-21,1,Concluído,4.7,False
52,397.261.405-52,assinatura-eletronica,Assinatura Eletrônica,Identidade Digital,2026-08-12,2,Concluído,5.0,False
53,397.261.405-52,cnh-digital,CNH Digital e Segunda Via,Trânsito,2025-09-15,3,Concluído,5.0,False
54,397.261.405-52,entregar-imposto-renda,Entregar Imposto de Renda,Finanças e Impostos,2025-11-09,1,Concluído,4.4,False
55,397.261.405-52,consultar-imposto-renda,Consultar Imposto de Renda,Finanças e Impostos,2025-10-14,1,Concluído,3.5,False
56,014.872.936-31,consultar-restituicao,Consultar Restituição,Finanças e Impostos,2026-05-21,1,Concluído,5.0,False
57,014.872.936-31,cnh-digital,CNH Digital e Segunda Via,Trânsito,2026-07-28,7,Concluído,4.2,False
58,603.278.951-95,assinatura-eletronica,Assinatura Eletrônica,Identidade Digital,2026-02-05,2,Concluído,5.0,False
59,603.278.951-95,cnh-digital,CNH Digital e Segunda Via,Trânsito,2025-12-04,17,Concluído,4.3,False
60,603.278.951-95,passaporte,Solicitar Passaporte,Viagens e Turismo,2026-02-16,7,Atrasado,4.5,False
61,603.278.951-95,carteira-trabalho,Carteira de Trabalho Digital,Trabalho e Previdência,2026-08-19,8,Concluído,3.4,False
62,482.135.679-19,consultar-imposto-renda,Consultar Imposto de Renda,Finanças e Impostos,2026-01-11,1,Concluído,4.6,False
63,482.135.679-19,passaporte,Solicitar Passaporte,Viagens e Turismo,2026-03-10,15,Concluído,4.1,False
64,387.651.042-26,cnh-digital,CNH Digital e Segunda Via,Trânsito,2025-11-07,14,Concluído,3.2,False
65,387.651.042-26,carteira-trabalho,Carteira de Trabalho Digital,Trabalho e Previdência,2025-09-20,5,Concluído,2.3,False
66,387.651.042-26,passaporte,Solicitar Passaporte,Viagens e Turismo,2026-07-03,7,Concluído,3.6,False
67,387.651.042-26,assinatura-eletronica,Assinatura Eletrônica,Identidade Digital,2025-10-25,1,Concluído,4.6,False
68,917.354.826-09,consultar-restituicao,Consultar Restituição,Finanças e Impostos,2026-03-09,1,Concluído,5.0,False
69,917.354.826-09,cnh-digital,CNH Digital e Segunda Via,Trânsito,2025-11-13,9,Concluído,3.8,False
70,917.354.826-09,entregar-imposto-renda,Entregar Imposto de Renda,Finanças e Impostos,2025-10-04,5,Concluído,4.2,False
71,917.354.826-09,consultar-imposto-renda,Consultar Imposto de Renda,Finanças e Impostos,2025-11-08,1,Concluído,4.5,False
72,287.041.653-90,entregar-imposto-renda,Entregar Imposto de Renda,Finanças e Impostos,2026-02-06,5,Concluído,4.5,False
73,794.612.380-96,assinatura-eletronica,Assinatura Eletrônica,Identidade Digital,2025-11-12,2,Concluído,4.7,False
74,794.612.380-96,consultar-imposto-renda,Consultar Imposto de Renda,Finanças e Impostos,2026-07-06,1,Concluído,3.8,False
75,794.612.380-96,consultar-restituicao,Consultar Restituição,Finanças e Impostos,2026-01-03,1,Concluído,4.1,False
76,362.510.987-59,carteira-trabalho,Carteira de Trabalho Digital,Trabalho e Previdência,2025-10-07,5,Em andamento,3.4,True
77,362.510.987-59,cnh-digital,CNH Digital e Segunda Via,Trânsito,2026-08-06,11,Concluído,3.1,False
78,054.638.179-01,entregar-imposto-renda,Entregar Imposto de Renda,Finanças e Impostos,2026-04-01,5,Concluído,5.0,False
79,054.638.179-01,assinatura-eletronica,Assinatura Eletrônica,Identidade Digital,2025-09-26,1,Concluído,4.5,False
80,054.638.179-01,consultar-restituicao,Consultar Restituição,Finanças e Impostos,2026-05-13,1,Concluído,4.7,False
81,054.638.179-01,passaporte,Solicitar Passaporte,Viagens e Turismo,2026-04-09,12,Em andamento,3.4,False
82,806.479.521-49,carteira-trabalho,Carteira de Trabalho Digital,Trabalho e Previdência,2025-12-27,6,Concluído,4.6,False
83,469.803.527-92,consultar-imposto-renda,Consultar Imposto de Renda,Finanças e Impostos,2026-07-02,1,Concluído,4.7,False
84,469.803.527-92,assinatura-eletronica,Assinatura Eletrônica,Identidade Digital,2025-10-14,3,Concluído,5.0,False
85,239.850.167-12,cnh-digital,CNH Digital e Segunda Via,Trânsito,2025-10-01,12,Concluído,3.3,False
86,239.850.167-12,carteira-trabalho,Carteira de Trabalho Digital,Trabalho e Previdência,2025-10-28,4,Concluído,4.2,False
87,239.850.167-12,passaporte,Solicitar Passaporte,Viagens e Turismo,2026-04-27,8,Concluído,3.5,False
88,239.850.167-12,consultar-restituicao,Consultar Restituição,Finanças e Impostos,2026-01-21,1,Concluído,4.6,False
89,319.052.647-80,passaporte,Solicitar Passaporte,Viagens e Turismo,2026-07-30,7,Concluído,3.3,False
90,726.154.839-19,consultar-restituicao,Consultar Restituição,Finanças e Impostos,2025-11-26,1,Concluído,4.1,False
91,765.032.198-30,assinatura-eletronica,Assinatura Eletrônica,Identidade Digital,2026-07-24,2,Em andamento,3.5,False
92,765.032.198-30,consultar-restituicao,Consultar Restituição,Finanças e Impostos,2025-10-19,1,Concluído,4.9,False
93,673.589.402-29,carteira-trabalho,Carteira de Trabalho Digital,Trabalho e Previdência,2026-03-12,4,Concluído,4.0,False
94,673.589.402-29,cnh-digital,CNH Digital e Segunda Via,Trânsito,2025-11-12,13,Concluído,4.0,False
95,673.589.402-29,passaporte,Solicitar Passaporte,Viagens e Turismo,2025-12-03,10,Concluído,3.4,False
96,673.589.402-29,consultar-imposto-renda,Consultar Imposto de Renda,Finanças e Impostos,2025-10-13,2,Concluído,4.1,False
97,685.273.914-73,carteira-trabalho,Carteira de Trabalho Digital,Trabalho e Previdência,2025-10-10,6,Atrasado,4.0,False
98,748.012.536-44,entregar-imposto-renda,Entregar Imposto de Renda,Finanças e Impostos,2025-12-02,1,Concluído,4.6,False
99,271.604.983-13,passaporte,Solicitar Passaporte,Viagens e Turismo,2025-10-06,8,Concluído,4.1,False
100,102.947.835-04,consultar-imposto-renda,Consultar Imposto de Renda,Finanças e Impostos,2026-01-09,2,Concluído,5.0,False
101,102.947.835-04,entregar-imposto-renda,Entregar Imposto de Renda,Finanças e Impostos,2026-04-16,3,Concluído,3.7,False
102,964.780.532-29,passaporte,Solicitar Passaporte,Viagens e Turismo,2026-03-26,17,Concluído,3.2,False
103,974.012.835-14,consultar-imposto-renda,Consultar Imposto de Renda,Finanças e Impostos,2025-09-25,1,Concluído,3.2,False
104,974.012.835-14,cnh-digital,CNH Digital e Segunda Via,Trânsito,2026-02-02,11,Concluído,3.9,False
105,102.674.598-58,cnh-digital,CNH Digital e Segunda Via,Trânsito,2026-05-18,5,Concluído,3.6,False
106,102.674.598-58,passaporte,Solicitar Passaporte,Viagens e Turismo,2026-06-07,3,Em andamento,4.9,False
107,102.674.598-58,consultar-restituicao,Consultar Restituição,Finanças e Impostos,2026-04-23,1,Concluído,3.8,False
108,654.091.827-58,cnh-digital,CNH Digital e Segunda Via,Trânsito,2025-11-09,10,Concluído,4.0,False
109,654.091.827-58,consultar-imposto-renda,Consultar Imposto de Renda,Finanças e Impostos,2025-12-05,2,Concluído,3.9,False
110,671.329.580-03,entregar-imposto-renda,Entregar Imposto de Renda,Finanças e Impostos,2026-08-03,3,Em andamento,3.4,False
111,451.639.027-25,assinatura-eletronica,Assinatura Eletrônica,Identidade Digital,2026-09-01,1,Concluído,4.9,False
112,451.639.027-25,consultar-imposto-renda,Consultar Imposto de Renda,Finanças e Impostos,2026-03-01,2,Concluído,4.3,False
113,451.639.027-25,consultar-restituicao,Consultar Restituição,Finanças e Impostos,2026-07-26,2,Concluído,3.8,False
114,451.639.027-25,entregar-imposto-renda,Entregar Imposto de Renda,Finanças e Impostos,2026-07-06,7,Concluído,4.2,False
115,482.735.096-56,cnh-digital,CNH Digital e Segunda Via,Trânsito,2026-01-17,8,Concluído,3.7,False
116,482.735.096-56,passaporte,Solicitar Passaporte,Viagens e Turismo,2026-06-30,4,Concluído,3.5,False
117,274.859.316-28,cnh-digital,CNH Digital e Segunda Via,Trânsito,2026-04-20,8,Concluído,4.0,False
118,584.602.731-80,assinatura-eletronica,Assinatura Eletrônica,Identidade Digital,2025-10-26,1,Concluído,4.6,False
119,584.602.731-80,cnh-digital,CNH Digital e Segunda Via,Trânsito,2026-02-07,11,Concluído,3.7,False
120,584.602.731-80,consultar-restituicao,Consultar Restituição,Finanças e Impostos,2025-10-07,3,Concluído,5.0,False
121,584.602.731-80,passaporte,Solicitar Passaporte,Viagens e Turismo,2025-12-19,3,Concluído,3.5,False
122,369.870.251-77,consultar-restituicao,Consultar Restituição,Finanças e Impostos,2026-01-17,2,Concluído,4.7,False
123,179.430.856-39,entregar-imposto-renda,Entregar Imposto de Renda,Finanças e Impostos,2026-08-11,1,Concluído,4.7,False
124,570.481.293-79,consultar-imposto-renda,Consultar Imposto de Renda,Finanças e Impostos,2025-12-09,1,Concluído,5.0,False
125,570.481.293-79,assinatura-eletronica,Assinatura Eletrônica,Identidade Digital,2025-09-29,1,Concluído,4.8,False
126,570.481.293-79,entregar-imposto-renda,Entregar Imposto de Renda,Finanças e Impostos,2026-07-07,6,Concluído,4.3,False
127,458.317.620-17,consultar-imposto-renda,Consultar Imposto de Renda,Finanças e Impostos,2026-08-24,1,Concluído,4.8,False
128,458.317.620-17,assinatura-eletronica,Assinatura Eletrônica,Identidade Digital,2025-12-10,1,Concluído,4.6,False
129,458.317.620-17,cnh-digital,CNH Digital e Segunda Via,Trânsito,2026-04-21,4,Em andamento,4.5,True
130,479.503.286-65,consultar-restituicao,Consultar Restituição,Finanças e Impostos,2026-03-01,1,Concluído,4.8,False
131,479.503.286-65,cnh-digital,CNH Digital e Segunda Via,Trânsito,2026-03-10,12,Concluído,3.4,False
132,479.503.286-65,passaporte,Solicitar Passaporte,Viagens e Turismo,2026-08-05,1,Concluído,4.6,False
133,713.942.568-09,entregar-imposto-renda,Entregar Imposto de Renda,Finanças e Impostos,2026-03-31,2,Concluído,3.5,False
134,713.942.568-09,assinatura-eletronica,Assinatura Eletrônica,Identidade Digital,2026-02-08,1,Concluído,5.0,False
135,713.942.568-09,passaporte,Solicitar Passaporte,Viagens e Turismo,2026-03-18,8,Concluído,3.4,False
136,953.814.270-50,assinatura-eletronica,Assinatura Eletrônica,Identidade Digital,2025-10-06,1,Concluído,4.2,False
137,214.953.806-70,assinatura-eletronica,Assinatura Eletrônica,Identidade Digital,2025-11-07,1,Concluído,4.0,False
138,214.953.806-70,consultar-imposto-renda,Consultar Imposto de Renda,Finanças e Impostos,2026-05-17,1,Concluído,3.7,False
139,179.863.205-59,carteira-trabalho,Carteira de Trabalho Digital,Trabalho e Previdência,2026-06-28,2,Concluído,2.3,False
140,370.462.158-71,carteira-trabalho,Carteira de Trabalho Digital,Trabalho e Previdência,2026-02-23,4,Em andamento,4.0,False
141,370.462.158-71,entregar-imposto-renda,Entregar Imposto de Renda,Finanças e Impostos,2025-12-23,1,Concluído,4.4,False
142,132.867.540-80,passaporte,Solicitar Passaporte,Viagens e Turismo,2025-11-05,9,Concluído,5.0,False
143,132.867.540-80,consultar-restituicao,Consultar Restituição,Finanças e Impostos,2026-07-14,1,Concluído,4.7,False
144,132.867.540-80,consultar-imposto-renda,Consultar Imposto de Renda,Finanças e Impostos,2026-01-30,3,Atrasado,4.3,False
145,519.472.086-67,passaporte,Solicitar Passaporte,Viagens e Turismo,2025-12-11,11,Concluído,4.3,False
146,519.472.086-67,assinatura-eletronica,Assinatura Eletrônica,Identidade Digital,2025-09-16,2,Concluído,4.2,False
147,519.472.086-67,carteira-trabalho,Carteira de Trabalho Digital,Trabalho e Previdência,2025-12-28,6,Em andamento,5.0,False
148,231.647.508-62,carteira-trabalho,Carteira de Trabalho Digital,Trabalho e Previdência,2026-01-18,6,Concluído,2.9,True
149,231.647.508-62,cnh-digital,CNH Digital e Segunda Via,Trânsito,2026-04-09,3,Concluído,4.3,False
150,231.647.508-62,entregar-imposto-renda,Entregar Imposto de Renda,Finanças e Impostos,2026-02-17,3,Atrasado,3.7,False
151,053.429.176-70,consultar-restituicao,Consultar Restituição,Finanças e Impostos,2026-07-11,2,Concluído,3.8,False
152,053.429.176-70,passaporte,Solicitar Passaporte,Viagens e Turismo,2026-06-13,12,Concluído,3.5,False
153,053.429.176-70,carteira-trabalho,Carteira de Trabalho Digital,Trabalho e Previdência,2026-08-17,6,Concluído,3.0,False
154,053.429.176-70,entregar-imposto-renda,Entregar Imposto de Renda,Finanças e Impostos,2025-09-16,4,Concluído,5.0,False
155,830.564.217-80,cnh-digital,CNH Digital e Segunda Via,Trânsito,2026-06-06,5,Concluído,3.1,False
156,830.564.217-80,assinatura-eletronica,Assinatura Eletrônica,Identidade Digital,2025-12-15,2,Concluído,5.0,False
157,830.564.217-80,entregar-imposto-renda,Entregar Imposto de Renda,Finanças e Impostos,2025-11-21,4,Concluído,4.6,False
158,921.784.563-91,cnh-digital,CNH Digital e Segunda Via,Trânsito,2026-08-31,16,Concluído,4.4,False
159,921.784.563-91,carteira-trabalho,Carteira de Trabalho Digital,Trabalho e Previdência,2026-05-30,5,Concluído,3.0,False
160,921.784.563-91,assinatura-eletronica,Assinatura Eletrônica,Identidade Digital,2025-10-28,1,Concluído,4.4,False
161,736.285.490-00,cnh-digital,CNH Digital e Segunda Via,Trânsito,2026-02-19,8,Concluído,3.9,False
162,736.285.490-00,passaporte,Solicitar Passaporte,Viagens e Turismo,2026-01-10,7,Concluído,3.9,False
163,152.406.738-53,passaporte,Solicitar Passaporte,Viagens e Turismo,2026-07-10,12,Concluído,3.1,False
164,152.406.738-53,entregar-imposto-renda,Entregar Imposto de Renda,Finanças e Impostos,2026-05-14,2,Concluído,4.0,False
165,152.406.738-53,consultar-restituicao,Consultar Restituição,Finanças e Impostos,2026-07-27,3,Concluído,5.0,False
166,327.108.456-44,consultar-imposto-renda,Consultar Imposto de Renda,Finanças e Impostos,2026-06-09,1,Concluído,3.6,False
167,327.108.456-44,cnh-digital,CNH Digital e Segunda Via,Trânsito,2026-01-02,11,Concluído,3.2,False
168,327.108.456-44,entregar-imposto-renda,Entregar Imposto de Renda,Finanças e Impostos,2026-01-23,4,Concluído,3.8,False
169,327.108.456-44,carteira-trabalho,Carteira de Trabalho Digital,Trabalho e Previdência,2026-08-20,4,Atrasado,4.4,False
170,458.017.362-71,cnh-digital,CNH Digital e Segunda Via,Trânsito,2026-07-21,1,Concluído,4.2,False
171,451.078.623-90,assinatura-eletronica,Assinatura Eletrônica,Identidade Digital,2025-11-27,1,Concluído,4.4,False
172,451.078.623-90,consultar-restituicao,Consultar Restituição,Finanças e Impostos,2026-03-01,1,Concluído,4.5,False
173,451.078.623-90,cnh-digital,CNH Digital e Segunda Via,Trânsito,2025-10-30,7,Em andamento,3.4,False
174,614.597.328-55,carteira-trabalho,Carteira de Trabalho Digital,Trabalho e Previdência,2026-06-05,3,Concluído,3.2,True
175,614.597.328-55,entregar-imposto-renda,Entregar Imposto de Renda,Finanças e Impostos,2026-03-28,4,Concluído,3.2,False
176,614.597.328-55,consultar-imposto-renda,Consultar Imposto de Renda,Finanças e Impostos,2025-12-25,2,Concluído,5.0,False
177,510.396.874-66,carteira-trabalho,Carteira de Trabalho Digital,Trabalho e Previdência,2025-12-29,6,Concluído,2.9,False
178,510.396.874-66,passaporte,Solicitar Passaporte,Viagens e Turismo,2026-09-06,7,Atrasado,4.5,False
179,510.396.874-66,entregar-imposto-renda,Entregar Imposto de Renda,Finanças e Impostos,2025-09-27,1,Concluído,3.3,False
180,510.396.874-66,cnh-digital,CNH Digital e Segunda Via,Trânsito,2025-10-14,9,Concluído,2.7,False
181,156.438.209-51,consultar-imposto-renda,Consultar Imposto de Renda,Finanças e Impostos,2026-07-01,1,Concluído,3.9,False
182,156.438.209-51,carteira-trabalho,Carteira de Trabalho Digital,Trabalho e Previdência,2025-09-21,5,Concluído,3.7,False
183,156.438.209-51,passaporte,Solicitar Passaporte,Viagens e Turismo,2025-09-26,14,Concluído,4.5,False
184,156.438.209-51,consultar-restituicao,Consultar Restituição,Finanças e Impostos,2026-01-16,2,Concluído,3.8,False
185,961.325.780-21,carteira-trabalho,Carteira de Trabalho Digital,Trabalho e Previdência,2025-12-01,3,Concluído,4.4,False
186,961.325.780-21,consultar-imposto-renda,Consultar Imposto de Renda,Finanças e Impostos,2026-06-18,1,Concluído,4.5,False
187,432.910.578-05,carteira-trabalho,Carteira de Trabalho Digital,Trabalho e Previdência,2026-05-11,5,Atrasado,4.1,False
188,432.910.578-05,consultar-restituicao,Consultar Restituição,Finanças e Impostos,2025-09-19,1,Concluído,5.0,False
189,432.910.578-05,consultar-imposto-renda,Consultar Imposto de Renda,Finanças e Impostos,2026-03-20,1,Concluído,3.8,False
190,490.287.613-22,assinatura-eletronica,Assinatura Eletrônica,Identidade Digital,2026-03-04,2,Concluído,4.2,False
191,490.287.613-22,carteira-trabalho,Carteira de Trabalho Digital,Trabalho e Previdência,2026-07-02,4,Concluído,4.1,False
192,490.287.613-22,passaporte,Solicitar Passaporte,Viagens e Turismo,2026-01-31,7,Concluído,3.0,False
193,073.248.195-32,carteira-trabalho,Carteira de Trabalho Digital,Trabalho e Previdência,2026-07-06,8,Concluído,4.2,True
194,073.248.195-32,passaporte,Solicitar Passaporte,Viagens e Turismo,2025-12-17,13,Concluído,4.2,False
195,073.248.195-32,entregar-imposto-renda,Entregar Imposto de Renda,Finanças e Impostos,2026-03-29,3,Concluído,3.6,False
196,925.863.410-15,carteira-trabalho,Carteira de Trabalho Digital,Trabalho e Previdência,2026-06-26,1,Em andamento,4.4,False
197,925.041.873-60,entregar-imposto-renda,Entregar Imposto de Renda,Finanças e Impostos,2026-07-31,2,Concluído,3.5,False
198,925.041.873-60,cnh-digital,CNH Digital e Segunda Via,Trânsito,2026-08-26,10,Em andamento,3.5,False
199,925.041.873-60,assinatura-eletronica,Assinatura Eletrônica,Identidade Digital,2026-02-23,1,Concluído,4.2,False
200,685.027.193-86,assinatura-eletronica,Assinatura Eletrônica,Identidade Digital,2025-11-28,1,Concluído,3.8,False
201,685.027.193-86,cnh-digital,CNH Digital e Segunda Via,Trânsito,2026-01-25,13,Concluído,3.6,False
202,685.027.193-86,entregar-imposto-renda,Entregar Imposto de Renda,Finanças e Impostos,2025-12-30,2,Concluído,4.0,False
203,805.641.392-89,passaporte,Solicitar Passaporte,Viagens e Turismo,2025-10-18,12,Concluído,4.2,False
204,805.641.392-89,consultar-restituicao,Consultar Restituição,Finanças e Impostos,2026-04-16,1,Concluído,4.1,False
205,738.291.654-55,cnh-digital,CNH Digital e Segunda Via,Trânsito,2026-08-01,7,Em andamento,3.9,False
206,738.291.654-55,consultar-restituicao,Consultar Restituição,Finanças e Impostos,2026-09-11,1,Concluído,4.9,False
207,738.291.654-55,carteira-trabalho,Carteira de Trabalho Digital,Trabalho e Previdência,2026-03-30,4,Concluído,4.5,False
208,738.291.654-55,entregar-imposto-renda,Entregar Imposto de Renda,Finanças e Impostos,2025-09-25,3,Concluído,4.8,False
209,751.840.263-71,consultar-restituicao,Consultar Restituição,Finanças e Impostos,2025-12-31,3,Concluído,3.9,False
210,751.840.263-71,passaporte,Solicitar Passaporte,Viagens e Turismo,2025-09-26,21,Concluído,4.7,False
211,065.139.247-07,consultar-imposto-renda,Consultar Imposto de Renda,Finanças e Impostos,2026-01-13,2,Concluído,5.0,False
212,065.139.247-07,cnh-digital,CNH Digital e Segunda Via,Trânsito,2026-02-14,6,Concluído,2.4,False
213,790.862.153-86,cnh-digital,CNH Digital e Segunda Via,Trânsito,2025-10-01,8,Concluído,2.5,False
214,790.862.153-86,consultar-imposto-renda,Consultar Imposto de Renda,Finanças e Impostos,2025-09-19,1,Concluído,5.0,False
215,718.634.025-35,carteira-trabalho,Carteira de Trabalho Digital,Trabalho e Previdência,2026-06-30,8,Concluído,4.6,False
216,718.634.025-35,cnh-digital,CNH Digital e Segunda Via,Trânsito,2025-11-20,1,Concluído,3.8,True
217,180.367.592-68,carteira-trabalho,Carteira de Trabalho Digital,Trabalho e Previdência,2026-01-24,2,Concluído,3.3,False
218,180.367.592-68,consultar-restituicao,Consultar Restituição,Finanças e Impostos,2026-09-03,1,Concluído,5.0,False
219,527.931.406-43,assinatura-eletronica,Assinatura Eletrônica,Identidade Digital,2026-02-10,1,Atrasado,4.8,False
220,403.268.519-33,consultar-restituicao,Consultar Restituição,Finanças e Impostos,2026-08-29,1,Concluído,4.9,False
221,416.039.825-15,entregar-imposto-renda,Entregar Imposto de Renda,Finanças e Impostos,2026-03-06,7,Concluído,4.6,False
222,416.039.825-15,consultar-restituicao,Consultar Restituição,Finanças e Impostos,2026-07-08,1,Concluído,4.0,False
223,416.039.825-15,passaporte,Solicitar Passaporte,Viagens e Turismo,2025-12-13,10,Atrasado,4.0,False
224,416.039.825-15,carteira-trabalho,Carteira de Trabalho Digital,Trabalho e Previdência,2026-09-03,8,Concluído,3.5,False
225,570.924.318-32,cnh-digital,CNH Digital e Segunda Via,Trânsito,2026-03-21,9,Atrasado,4.0,True
226,570.924.318-32,consultar-imposto-renda,Consultar Imposto de Renda,Finanças e Impostos,2025-10-11,1,Concluído,4.8,False
227,570.924.318-32,passaporte,Solicitar Passaporte,Viagens e Turismo,2026-09-06,12,Concluído,4.0,False
228,570.924.318-32,consultar-restituicao,Consultar Restituição,Finanças e Impostos,2026-01-29,1,Concluído,4.0,False
229,358.940.126-51,consultar-restituicao,Consultar Restituição,Finanças e Impostos,2026-02-02,1,Concluído,4.9,False
230,310.589.427-60,consultar-imposto-renda,Consultar Imposto de Renda,Finanças e Impostos,2025-12-31,2,Concluído,4.3,False
231,172.530.869-02,carteira-trabalho,Carteira de Trabalho Digital,Trabalho e Previdência,2026-05-16,5,Concluído,3.9,False
232,172.530.869-02,cnh-digital,CNH Digital e Segunda Via,Trânsito,2026-04-14,7,Concluído,4.5,False
233,172.530.869-02,entregar-imposto-renda,Entregar Imposto de Renda,Finanças e Impostos,2026-06-17,2,Concluído,3.4,False
234,237.094.516-80,passaporte,Solicitar Passaporte,Viagens e Turismo,2025-12-20,10,Concluído,4.4,False
235,237.094.516-80,cnh-digital,CNH Digital e Segunda Via,Trânsito,2026-03-06,10,Concluído,4.4,False
236,237.094.516-80,consultar-restituicao,Consultar Restituição,Finanças e Impostos,2025-09-17,2,Concluído,5.0,False
237,125.703.489-88,consultar-restituicao,Consultar Restituição,Finanças e Impostos,2026-02-28,1,Concluído,4.9,False
238,125.703.489-88,carteira-trabalho,Carteira de Trabalho Digital,Trabalho e Previdência,2026-01-27,6,Concluído,3.4,False
239,125.703.489-88,passaporte,Solicitar Passaporte,Viagens e Turismo,2026-04-30,7,Concluído,4.4,False
240,125.703.489-88,consultar-imposto-renda,Consultar Imposto de Renda,Finanças e Impostos,2026-08-08,2,Concluído,5.0,False
241,824.169.537-37,consultar-restituicao,Consultar Restituição,Finanças e Impostos,2026-03-28,1,Concluído,5.0,False
242,824.169.537-37,consultar-imposto-renda,Consultar Imposto de Renda,Finanças e Impostos,2026-06-09,1,Em andamento,4.2,False
243,928.546.730-00,passaporte,Solicitar Passaporte,Viagens e Turismo,2025-09-19,15,Concluído,5.0,False
244,928.546.730-00,carteira-trabalho,Carteira de Trabalho Digital,Trabalho e Previdência,2026-04-23,3,Concluído,4.1,False
245,784.523.169-09,consultar-restituicao,Consultar Restituição,Finanças e Impostos,2026-06-02,1,Concluído,5.0,False
246,784.523.169-09,assinatura-eletronica,Assinatura Eletrônica,Identidade Digital,2026-05-24,1,Concluído,4.5,False
247,784.523.169-09,cnh-digital,CNH Digital e Segunda Via,Trânsito,2025-11-19,5,Concluído,3.4,False
248,784.523.169-09,entregar-imposto-renda,Entregar Imposto de Renda,Finanças e Impostos,2026-03-04,2,Concluído,3.7,False
249,529.678.410-30,entregar-imposto-renda,Entregar Imposto de Renda,Finanças e Impostos,2026-01-22,4,Concluído,4.8,False
250,529.678.410-30,consultar-restituicao,Consultar Restituição,Finanças e Impostos,2025-12-09,1,Concluído,4.6,False
251,529.678.410-30,passaporte,Solicitar Passaporte,Viagens e Turismo,2025-10-21,18,Em andamento,3.6,False
252,468.172.903-50,cnh-digital,CNH Digital e Segunda Via,Trânsito,2026-09-11,2,Concluído,4.3,False
253,350.729.416-80,consultar-imposto-renda,Consultar Imposto de Renda,Finanças e Impostos,2025-12-30,1,Concluído,4.4,False
254,083.246.915-70,passaporte,Solicitar Passaporte,Viagens e Turismo,2025-12-16,11,Concluído,3.8,False
255,083.246.915-70,consultar-restituicao,Consultar Restituição,Finanças e Impostos,2026-04-27,1,Concluído,4.4,False
256,083.246.915-70,assinatura-eletronica,Assinatura Eletrônica,Identidade Digital,2025-09-22,1,Concluído,3.6,False
257,083.246.915-70,carteira-trabalho,Carteira de Trabalho Digital,Trabalho e Previdência,2026-07-22,8,Concluído,3.2,False
258,852.149.370-32,cnh-digital,CNH Digital e Segunda Via,Trânsito,2026-02-23,16,Concluído,4.4,False
259,852.149.370-32,entregar-imposto-renda,Entregar Imposto de Renda,Finanças e Impostos,2025-09-23,3,Concluído,4.8,False
260,852.149.370-32,passaporte,Solicitar Passaporte,Viagens e Turismo,2025-10-15,20,Concluído,3.8,False
261,952.347.861-37,consultar-restituicao,Consultar Restituição,Finanças e Impostos,2026-08-17,1,Concluído,3.8,False
262,952.347.861-37,cnh-digital,CNH Digital e Segunda Via,Trânsito,2026-02-04,6,Atrasado,3.3,False
263,952.347.861-37,carteira-trabalho,Carteira de Trabalho Digital,Trabalho e Previdência,2026-08-24,6,Concluído,4.9,False
264,952.347.861-37,passaporte,Solicitar Passaporte,Viagens e Turismo,2026-04-29,14,Atrasado,3.9,False
265,074.586.129-67,consultar-imposto-renda,Consultar Imposto de Renda,Finanças e Impostos,2026-04-06,2,Concluído,4.3,False
266,562.391.874-37,assinatura-eletronica,Assinatura Eletrônica,Identidade Digital,2025-11-28,1,Concluído,4.1,False
267,562.391.874-37,entregar-imposto-renda,Entregar Imposto de Renda,Finanças e Impostos,2026-03-29,1,Concluído,4.6,False
268,562.391.874-37,consultar-imposto-renda,Consultar Imposto de Renda,Finanças e Impostos,2025-09-27,1,Em andamento,3.6,False
269,562.391.874-37,carteira-trabalho,Carteira de Trabalho Digital,Trabalho e Previdência,2026-02-03,5,Concluído,3.8,False
270,275.498.306-65,cnh-digital,CNH Digital e Segunda Via,Trânsito,2026-01-27,5,Em andamento,3.7,False
271,275.498.306-65,entregar-imposto-renda,Entregar Imposto de Renda,Finanças e Impostos,2025-10-11,1,Concluído,4.6,False
272,275.498.306-65,assinatura-eletronica,Assinatura Eletrônica,Identidade Digital,2026-05-11,1,Concluído,4.4,False
273,275.498.306-65,passaporte,Solicitar Passaporte,Viagens e Turismo,2025-09-15,13,Concluído,3.5,False
274,584.207.316-17,assinatura-eletronica,Assinatura Eletrônica,Identidade Digital,2026-04-10,1,Concluído,4.9,False
275,584.207.316-17,cnh-digital,CNH Digital e Segunda Via,Trânsito,2026-08-01,10,Concluído,4.3,False
276,584.207.316-17,passaporte,Solicitar Passaporte,Viagens e Turismo,2026-09-01,18,Concluído,4.2,False
277,489.107.652-67,cnh-digital,CNH Digital e Segunda Via,Trânsito,2026-04-18,2,Concluído,4.2,False
278,489.107.652-67,consultar-restituicao,Consultar Restituição,Finanças e Impostos,2026-05-13,1,Concluído,4.3,False
279,489.107.652-67,assinatura-eletronica,Assinatura Eletrônica,Identidade Digital,2026-07-05,1,Concluído,5.0,False
280,120.493.657-99,consultar-restituicao,Consultar Restituição,Finanças e Impostos,2026-02-11,1,Concluído,5.0,False
281,120.493.657-99,entregar-imposto-renda,Entregar Imposto de Renda,Finanças e Impostos,2026-05-11,3,Concluído,3.2,False
282,026.719.354-80,assinatura-eletronica,Assinatura Eletrônica,Identidade Digital,2026-02-24,1,Concluído,5.0,False
283,026.719.354-80,consultar-imposto-renda,Consultar Imposto de Renda,Finanças e Impostos,2026-03-30,1,Concluído,4.5,False
284,026.719.354-80,entregar-imposto-renda,Entregar Imposto de Renda,Finanças e Impostos,2025-10-16,4,Concluído,3.8,False
285,026.719.354-80,cnh-digital,CNH Digital e Segunda Via,Trânsito,2025-09-24,9,Atrasado,4.2,False
286,729.810.645-76,carteira-trabalho,Carteira de Trabalho Digital,Trabalho e Previdência,2026-04-24,6,Concluído,3.1,False
287,729.810.645-76,consultar-imposto-renda,Consultar Imposto de Renda,Finanças e Impostos,2025-11-15,2,Concluído,4.3,False
288,729.810.645-76,entregar-imposto-renda,Entregar Imposto de Renda,Finanças e Impostos,2026-09-01,5,Concluído,3.7,False
289,729.810.645-76,consultar-restituicao,Consultar Restituição,Finanças e Impostos,2026-02-02,2,Concluído,3.4,False
290,695.038.147-66,passaporte,Solicitar Passaporte,Viagens e Turismo,2026-05-14,12,Concluído,4.1,False
291,695.038.147-66,consultar-restituicao,Consultar Restituição,Finanças e Impostos,2026-03-05,3,Concluído,5.0,False
292,695.038.147-66,consultar-imposto-renda,Consultar Imposto de Renda,Finanças e Impostos,2026-02-21,1,Concluído,4.0,False
293,695.038.147-66,entregar-imposto-renda,Entregar Imposto de Renda,Finanças e Impostos,2026-02-12,1,Concluído,3.6,False
294,904.521.863-15,assinatura-eletronica,Assinatura Eletrônica,Identidade Digital,2026-05-10,1,Concluído,4.1,False
295,279.354.816-28,carteira-trabalho,Carteira de Trabalho Digital,Trabalho e Previdência,2025-10-19,4,Concluído,3.1,False
296,893.461.572-91,assinatura-eletronica,Assinatura Eletrônica,Identidade Digital,2026-05-24,1,Concluído,4.6,False
297,893.461.572-91,cnh-digital,CNH Digital e Segunda Via,Trânsito,2025-11-24,9,Concluído,4.3,False
298,893.461.572-91,passaporte,Solicitar Passaporte,Viagens e Turismo,2025-09-26,7,Concluído,3.8,False
299,893.461.572-91,entregar-imposto-renda,Entregar Imposto de Renda,Finanças e Impostos,2026-07-23,2,Concluído,5.0,False
300,670.432.819-03,entregar-imposto-renda,Entregar Imposto de Renda,Finanças e Impostos,2026-03-23,2,Concluído,4.0,False
301,670.432.819-03,cnh-digital,CNH Digital e Segunda Via,Trânsito,2026-01-14,13,Concluído,4.3,True
302,704.315.692-07,cnh-digital,CNH Digital e Segunda Via,Trânsito,2025-09-16,13,Concluído,4.5,False
303,823.605.917-03,passaporte,Solicitar Passaporte,Viagens e Turismo,2025-12-24,13,Concluído,4.1,False
304,823.605.917-03,consultar-imposto-renda,Consultar Imposto de Renda,Finanças e Impostos,2026-01-21,1,Concluído,4.9,False
305,603.185.497-00,consultar-restituicao,Consultar Restituição,Finanças e Impostos,2026-01-27,1,Concluído,4.2,False
306,603.185.497-00,assinatura-eletronica,Assinatura Eletrônica,Identidade Digital,2026-06-01,1,Concluído,5.0,False
307,603.185.497-00,carteira-trabalho,Carteira de Trabalho Digital,Trabalho e Previdência,2025-11-23,9,Concluído,4.3,False
308,603.185.497-00,consultar-imposto-renda,Consultar Imposto de Renda,Finanças e Impostos,2026-01-23,2,Concluído,4.9,False
309,358.126.497-82,carteira-trabalho,Carteira de Trabalho Digital,Trabalho e Previdência,2026-02-26,3,Atrasado,3.3,False
310,358.126.497-82,consultar-restituicao,Consultar Restituição,Finanças e Impostos,2025-09-18,2,Concluído,3.2,False
311,358.126.497-82,cnh-digital,CNH Digital e Segunda Via,Trânsito,2025-10-05,9,Concluído,3.9,False
312,569.738.142-55,carteira-trabalho,Carteira de Trabalho Digital,Trabalho e Previdência,2026-02-12,2,Concluído,3.2,False
313,569.738.142-55,consultar-restituicao,Consultar Restituição,Finanças e Impostos,2025-12-13,1,Atrasado,3.7,False
314,692.317.580-12,entregar-imposto-renda,Entregar Imposto de Renda,Finanças e Impostos,2026-01-27,1,Em andamento,3.1,False
315,692.317.580-12,consultar-imposto-renda,Consultar Imposto de Renda,Finanças e Impostos,2026-06-07,2,Concluído,2.9,False
316,692.317.580-12,passaporte,Solicitar Passaporte,Viagens e Turismo,2026-01-04,7,Concluído,4.2,False
317,692.317.580-12,cnh-digital,CNH Digital e Segunda Via,Trânsito,2026-01-30,6,Concluído,3.7,False
318,013.645.879-39,assinatura-eletronica,Assinatura Eletrônica,Identidade Digital,2025-12-13,1,Concluído,5.0,False
319,013.645.879-39,entregar-imposto-renda,Entregar Imposto de Renda,Finanças e Impostos,2026-01-04,2,Concluído,3.8,False
320,013.645.879-39,consultar-imposto-renda,Consultar Imposto de Renda,Finanças e Impostos,2025-12-10,1,Concluído,3.8,False
321,369.425.718-73,cnh-digital,CNH Digital e Segunda Via,Trânsito,2026-02-01,1,Concluído,3.2,False
322,596.041.873-84,entregar-imposto-renda,Entregar Imposto de Renda,Finanças e Impostos,2026-01-27,3,Concluído,5.0,False
323,596.041.873-84,assinatura-eletronica,Assinatura Eletrônica,Identidade Digital,2026-07-16,1,Concluído,4.2,False
324,854.639.701-57,cnh-digital,CNH Digital e Segunda Via,Trânsito,2025-10-26,3,Concluído,4.1,False
325,854.639.701-57,passaporte,Solicitar Passaporte,Viagens e Turismo,2026-08-15,6,Concluído,3.5,False
326,854.639.701-57,carteira-trabalho,Carteira de Trabalho Digital,Trabalho e Previdência,2026-06-20,3,Concluído,4.4,False
327,096.157.823-86,consultar-imposto-renda,Consultar Imposto de Renda,Finanças e Impostos,2026-02-16,3,Concluído,3.4,False
328,860.742.591-94,passaporte,Solicitar Passaporte,Viagens e Turismo,2026-05-10,15,Concluído,4.2,False
329,860.742.591-94,consultar-imposto-renda,Consultar Imposto de Renda,Finanças e Impostos,2025-10-03,1,Concluído,4.5,False
330,567.419.230-80,consultar-restituicao,Consultar Restituição,Finanças e Impostos,2026-02-20,1,Concluído,4.5,False
331,567.419.230-80,cnh-digital,CNH Digital e Segunda Via,Trânsito,2026-03-10,4,Concluído,3.9,False
332,567.419.230-80,assinatura-eletronica,Assinatura Eletrônica,Identidade Digital,2026-07-29,1,Concluído,3.9,False
333,567.419.230-80,carteira-trabalho,Carteira de Trabalho Digital,Trabalho e Previdência,2026-03-15,8,Concluído,2.7,False
334,217.639.045-80,consultar-restituicao,Consultar Restituição,Finanças e Impostos,2026-04-02,1,Concluído,4.0,False
335,217.639.045-80,entregar-imposto-renda,Entregar Imposto de Renda,Finanças e Impostos,2025-11-29,5,Atrasado,3.1,False
336,503.417.896-66,assinatura-eletronica,Assinatura Eletrônica,Identidade Digital,2025-10-29,1,Concluído,3.9,False
337,185.063.974-48,consultar-restituicao,Consultar Restituição,Finanças e Impostos,2026-09-14,2,Atrasado,4.5,False
338,185.063.974-48,cnh-digital,CNH Digital e Segunda Via,Trânsito,2025-10-17,6,Em andamento,4.9,False
339,869.154.307-84,entregar-imposto-renda,Entregar Imposto de Renda,Finanças e Impostos,2025-10-09,4,Concluído,3.7,False
340,190.236.475-99,passaporte,Solicitar Passaporte,Viagens e Turismo,2026-02-07,7,Concluído,3.0,False
341,190.236.475-99,cnh-digital,CNH Digital e Segunda Via,Trânsito,2026-01-13,12,Concluído,4.1,False
342,190.236.475-99,consultar-imposto-renda,Consultar Imposto de Renda,Finanças e Impostos,2026-09-10,1,Em andamento,3.3,False
343,604.398.127-04,consultar-restituicao,Consultar Restituição,Finanças e Impostos,2026-05-20,1,Concluído,5.0,False
344,604.398.127-04,assinatura-eletronica,Assinatura Eletrônica,Identidade Digital,2026-04-07,1,Concluído,5.0,False
345,469.302.751-07,passaporte,Solicitar Passaporte,Viagens e Turismo,2026-07-03,18,Concluído,4.1,False
346,469.302.751-07,cnh-digital,CNH Digital e Segunda Via,Trânsito,2026-06-22,2,Concluído,4.1,False
347,579.384.162-82,carteira-trabalho,Carteira de Trabalho Digital,Trabalho e Previdência,2026-08-01,6,Concluído,3.4,False
348,579.384.162-82,passaporte,Solicitar Passaporte,Viagens e Turismo,2026-03-19,16,Concluído,3.7,False
349,579.384.162-82,consultar-restituicao,Consultar Restituição,Finanças e Impostos,2026-04-26,1,Concluído,4.1,False
350,579.384.162-82,consultar-imposto-renda,Consultar Imposto de Renda,Finanças e Impostos,2025-11-07,1,Concluído,5.0,False
351,649.208.175-76,consultar-imposto-renda,Consultar Imposto de Renda,Finanças e Impostos,2025-12-28,1,Concluído,4.9,False
352,649.208.175-76,carteira-trabalho,Carteira de Trabalho Digital,Trabalho e Previdência,2026-05-15,4,Concluído,3.6,False
353,649.208.175-76,passaporte,Solicitar Passaporte,Viagens e Turismo,2025-12-18,13,Concluído,3.7,False
354,439.518.706-48,consultar-imposto-renda,Consultar Imposto de Renda,Finanças e Impostos,2026-02-11,1,Concluído,5.0,False
355,439.518.706-48,consultar-restituicao,Consultar Restituição,Finanças e Impostos,2026-08-08,1,Concluído,4.5,False
356,439.518.706-48,carteira-trabalho,Carteira de Trabalho Digital,Trabalho e Previdência,2026-08-25,10,Concluído,2.9,False
357,352.840.917-79,consultar-restituicao,Consultar Restituição,Finanças e Impostos,2025-10-22,1,Concluído,4.3,False
358,352.840.917-79,passaporte,Solicitar Passaporte,Viagens e Turismo,2026-04-09,22,Em andamento,4.4,False
359,352.840.917-79,cnh-digital,CNH Digital e Segunda Via,Trânsito,2026-03-31,4,Atrasado,4.2,True
360,352.840.917-79,assinatura-eletronica,Assinatura Eletrônica,Identidade Digital,2025-09-22,1,Concluído,5.0,False
361,782.903.516-40,assinatura-eletronica,Assinatura Eletrônica,Identidade Digital,2026-07-17,1,Concluído,4.8,False
362,782.903.516-40,consultar-restituicao,Consultar Restituição,Finanças e Impostos,2025-10-13,1,Concluído,4.2,False
363,719.563.208-30,consultar-imposto-renda,Consultar Imposto de Renda,Finanças e Impostos,2026-01-03,2,Concluído,4.1,False
364,825.437.160-17,consultar-imposto-renda,Consultar Imposto de Renda,Finanças e Impostos,2026-04-30,1,Concluído,4.0,False
365,825.437.160-17,entregar-imposto-renda,Entregar Imposto de Renda,Finanças e Impostos,2026-03-27,3,Concluído,3.5,False
366,825.437.160-17,cnh-digital,CNH Digital e Segunda Via,Trânsito,2025-09-15,13,Concluído,3.6,False
367,394.650.728-00,consultar-restituicao,Consultar Restituição,Finanças e Impostos,2025-11-28,1,Concluído,4.8,False
368,158.634.927-91,consultar-imposto-renda,Consultar Imposto de Renda,Finanças e Impostos,2025-12-28,3,Concluído,4.3,False
369,286.341.750-90,consultar-restituicao,Consultar Restituição,Finanças e Impostos,2026-03-12,1,Concluído,4.7,False
370,570.628.349-47,carteira-trabalho,Carteira de Trabalho Digital,Trabalho e Previdência,2025-10-14,3,Concluído,3.9,False
371,903.286.147-69,cnh-digital,CNH Digital e Segunda Via,Trânsito,2026-03-08,12,Concluído,4.3,False
372,903.286.147-69,assinatura-eletronica,Assinatura Eletrônica,Identidade Digital,2025-12-24,3,Concluído,4.4,False
373,903.286.147-69,carteira-trabalho,Carteira de Trabalho Digital,Trabalho e Previdência,2026-01-19,8,Concluído,2.8,True
374,807.413.926-31,assinatura-eletronica,Assinatura Eletrônica,Identidade Digital,2025-11-30,1,Concluído,3.6,False
375,807.413.926-31,entregar-imposto-renda,Entregar Imposto de Renda,Finanças e Impostos,2026-03-10,1,Concluído,3.5,False
376,807.413.926-31,consultar-imposto-renda,Consultar Imposto de Renda,Finanças e Impostos,2026-06-06,1,Concluído,3.5,False
377,807.413.926-31,passaporte,Solicitar Passaporte,Viagens e Turismo,2026-06-29,17,Concluído,3.8,False
378,562.419.803-51,passaporte,Solicitar Passaporte,Viagens e Turismo,2026-03-27,20,Atrasado,3.8,False
379,562.419.803-51,cnh-digital,CNH Digital e Segunda Via,Trânsito,2026-07-23,11,Concluído,5.0,False
380,562.419.803-51,assinatura-eletronica,Assinatura Eletrônica,Identidade Digital,2026-07-04,1,Concluído,4.3,False
381,126.089.475-49,passaporte,Solicitar Passaporte,Viagens e Turismo,2025-11-21,14,Em andamento,4.0,False
382,126.089.475-49,entregar-imposto-renda,Entregar Imposto de Renda,Finanças e Impostos,2025-11-28,5,Concluído,4.2,False
383,126.089.475-49,consultar-restituicao,Consultar Restituição,Finanças e Impostos,2026-04-18,1,Concluído,5.0,False
384,126.089.475-49,assinatura-eletronica,Assinatura Eletrônica,Identidade Digital,2025-09-21,1,Concluído,4.1,False
385,164.523.790-70,assinatura-eletronica,Assinatura Eletrônica,Identidade Digital,2026-07-07,1,Concluído,3.8,False
386,164.523.790-70,consultar-imposto-renda,Consultar Imposto de Renda,Finanças e Impostos,2026-06-22,1,Concluído,4.5,False
387,459.278.163-55,cnh-digital,CNH Digital e Segunda Via,Trânsito,2026-04-10,1,Concluído,4.0,False
388,459.278.163-55,consultar-imposto-renda,Consultar Imposto de Renda,Finanças e Impostos,2026-04-12,2,Concluído,3.5,False
389,459.278.163-55,consultar-restituicao,Consultar Restituição,Finanças e Impostos,2026-03-31,2,Concluído,5.0,False
390,324.180.567-08,carteira-trabalho,Carteira de Trabalho Digital,Trabalho e Previdência,2026-06-17,7,Concluído,3.7,False
391,324.180.567-08,assinatura-eletronica,Assinatura Eletrônica,Identidade Digital,2026-05-10,1,Concluído,4.8,False
392,324.180.567-08,entregar-imposto-renda,Entregar Imposto de Renda,Finanças e Impostos,2026-07-14,6,Em andamento,4.0,False
393,324.180.567-08,cnh-digital,CNH Digital e Segunda Via,Trânsito,2026-02-21,4,Concluído,4.3,False
394,371.846.902-22,cnh-digital,CNH Digital e Segunda Via,Trânsito,2026-08-12,10,Concluído,4.5,True
395,371.846.902-22,assinatura-eletronica,Assinatura Eletrônica,Identidade Digital,2026-03-29,3,Concluído,5.0,False
396,371.846.902-22,passaporte,Solicitar Passaporte,Viagens e Turismo,2025-11-25,4,Concluído,4.2,False
397,195.268.307-68,passaporte,Solicitar Passaporte,Viagens e Turismo,2026-05-28,16,Concluído,3.5,False
398,195.268.307-68,consultar-restituicao,Consultar Restituição,Finanças e Impostos,2026-06-30,2,Concluído,4.7,False
399,195.268.307-68,consultar-imposto-renda,Consultar Imposto de Renda,Finanças e Impostos,2026-04-16,1,Concluído,4.3,False
400,195.268.307-68,entregar-imposto-renda,Entregar Imposto de Renda,Finanças e Impostos,2026-08-01,3,Concluído,4.2,False
401,731.096.852-21,passaporte,Solicitar Passaporte,Viagens e Turismo,2026-09-05,21,Concluído,3.7,False
402,731.096.852-21,carteira-trabalho,Carteira de Trabalho Digital,Trabalho e Previdência,2025-12-10,5,Concluído,3.1,False
403,983.572.061-40,consultar-imposto-renda,Consultar Imposto de Renda,Finanças e Impostos,2025-11-13,1,Concluído,5.0,False
404,983.572.061-40,assinatura-eletronica,Assinatura Eletrônica,Identidade Digital,2026-08-16,1,Concluído,4.0,False
405,983.572.061-40,entregar-imposto-renda,Entregar Imposto de Renda,Finanças e Impostos,2025-11-19,8,Concluído,3.9,False
406,652.930.478-92,entregar-imposto-renda,Entregar Imposto de Renda,Finanças e Impostos,2026-08-17,3,Concluído,2.4,False
407,652.930.478-92,carteira-trabalho,Carteira de Trabalho Digital,Trabalho e Previdência,2026-02-28,2,Em andamento,4.5,False
408,612.709.543-34,carteira-trabalho,Carteira de Trabalho Digital,Trabalho e Previdência,2025-11-28,2,Concluído,3.3,False
409,612.709.543-34,assinatura-eletronica,Assinatura Eletrônica,Identidade Digital,2026-01-05,1,Concluído,4.5,False
410,612.709.543-34,entregar-imposto-renda,Entregar Imposto de Renda,Finanças e Impostos,2026-08-17,3,Concluído,4.3,False
411,316.094.785-84,entregar-imposto-renda,Entregar Imposto de Renda,Finanças e Impostos,2025-11-04,3,Concluído,4.2,False
412,524.906.813-89,assinatura-eletronica,Assinatura Eletrônica,Identidade Digital,2025-11-18,1,Concluído,4.3,False
413,524.906.813-89,cnh-digital,CNH Digital e Segunda Via,Trânsito,2025-12-19,14,Concluído,2.5,False
414,524.906.813-89,consultar-imposto-renda,Consultar Imposto de Renda,Finanças e Impostos,2026-02-24,1,Concluído,4.0,False
415,524.607.938-47,passaporte,Solicitar Passaporte,Viagens e Turismo,2025-10-22,19,Concluído,3.6,False
416,524.607.938-47,consultar-restituicao,Consultar Restituição,Finanças e Impostos,2025-12-01,1,Concluído,3.2,False
417,635.182.409-51,passaporte,Solicitar Passaporte,Viagens e Turismo,2026-06-17,6,Concluído,4.5,False
418,635.182.409-51,carteira-trabalho,Carteira de Trabalho Digital,Trabalho e Previdência,2026-06-16,4,Em andamento,2.2,False
419,495.083.617-00,consultar-imposto-renda,Consultar Imposto de Renda,Finanças e Impostos,2025-11-10,1,Concluído,5.0,False
420,832.096.175-03,consultar-restituicao,Consultar Restituição,Finanças e Impostos,2026-07-04,1,Concluído,4.7,False
421,702.598.431-05,consultar-imposto-renda,Consultar Imposto de Renda,Finanças e Impostos,2025-09-17,1,Concluído,3.4,False
422,702.598.431-05,passaporte,Solicitar Passaporte,Viagens e Turismo,2026-09-09,12,Concluído,4.3,False
423,702.598.431-05,assinatura-eletronica,Assinatura Eletrônica,Identidade Digital,2026-05-06,1,Concluído,3.7,False
424,062.175.483-80,passaporte,Solicitar Passaporte,Viagens e Turismo,2026-01-05,16,Concluído,3.4,False
425,062.175.483-80,consultar-restituicao,Consultar Restituição,Finanças e Impostos,2026-01-12,1,Concluído,3.7,False
426,062.175.483-80,consultar-imposto-renda,Consultar Imposto de Renda,Finanças e Impostos,2026-05-22,1,Concluído,4.5,False
427,062.175.483-80,cnh-digital,CNH Digital e Segunda Via,Trânsito,2026-04-17,11,Concluído,3.8,False
428,795.304.281-97,consultar-imposto-renda,Consultar Imposto de Renda,Finanças e Impostos,2026-03-25,1,Concluído,3.8,False
429,795.304.281-97,passaporte,Solicitar Passaporte,Viagens e Turismo,2026-08-30,5,Concluído,4.2,False
430,795.304.281-97,assinatura-eletronica,Assinatura Eletrônica,Identidade Digital,2026-02-04,1,Concluído,4.8,False
431,795.304.281-97,carteira-trabalho,Carteira de Trabalho Digital,Trabalho e Previdência,2026-06-09,2,Em andamento,4.0,False
432,135.840.297-32,consultar-imposto-renda,Consultar Imposto de Renda,Finanças e Impostos,2026-02-25,1,Concluído,3.8,False
433,135.840.297-32,assinatura-eletronica,Assinatura Eletrônica,Identidade Digital,2026-03-14,1,Concluído,4.6,False
434,135.840.297-32,passaporte,Solicitar Passaporte,Viagens e Turismo,2025-10-29,9,Concluído,3.6,False
435,093.167.248-13,passaporte,Solicitar Passaporte,Viagens e Turismo,2026-08-04,9,Em andamento,3.8,False
436,093.167.248-13,entregar-imposto-renda,Entregar Imposto de Renda,Finanças e Impostos,2025-10-11,3,Concluído,4.8,False
437,107.894.325-79,consultar-restituicao,Consultar Restituição,Finanças e Impostos,2026-01-29,2,Concluído,4.7,False
438,107.894.325-79,entregar-imposto-renda,Entregar Imposto de Renda,Finanças e Impostos,2026-04-30,2,Concluído,3.8,False
439,107.894.325-79,consultar-imposto-renda,Consultar Imposto de Renda,Finanças e Impostos,2026-07-27,2,Concluído,4.6,False
440,203.597.461-52,carteira-trabalho,Carteira de Trabalho Digital,Trabalho e Previdência,2026-02-28,6,Concluído,3.0,False
441,203.597.461-52,assinatura-eletronica,Assinatura Eletrônica,Identidade Digital,2026-01-14,1,Concluído,4.4,False
442,657.432.918-37,cnh-digital,CNH Digital e Segunda Via,Trânsito,2026-07-15,12,Em andamento,3.5,False
443,657.432.918-37,passaporte,Solicitar Passaporte,Viagens e Turismo,2026-06-08,16,Em andamento,4.2,False
444,657.432.918-37,assinatura-eletronica,Assinatura Eletrônica,Identidade Digital,2025-10-28,2,Concluído,5.0,False
445,657.432.918-37,consultar-imposto-renda,Consultar Imposto de Renda,Finanças e Impostos,2026-08-11,2,Concluído,4.7,False
446,932.015.786-30,carteira-trabalho,Carteira de Trabalho Digital,Trabalho e Previdência,2025-09-21,3,Concluído,3.1,False
447,932.015.786-30,consultar-restituicao,Consultar Restituição,Finanças e Impostos,2026-07-01,1,Concluído,4.2,False
448,932.015.786-30,assinatura-eletronica,Assinatura Eletrônica,Identidade Digital,2026-07-25,2,Concluído,4.2,False
449,523.674.801-17,cnh-digital,CNH Digital e Segunda Via,Trânsito,2026-02-16,8,Concluído,4.6,False
450,523.674.801-17,carteira-trabalho,Carteira de Trabalho Digital,Trabalho e Previdência,2026-06-18,5,Concluído,3.9,False
451,523.674.801-17,entregar-imposto-renda,Entregar Imposto de Renda,Finanças e Impostos,2026-08-26,1,Concluído,4.7,False
452,325.718.094-23,passaporte,Solicitar Passaporte,Viagens e Turismo,2026-01-14,22,Concluído,3.2,False
453,452.183.976-28,entregar-imposto-renda,Entregar Imposto de Renda,Finanças e Impostos,2025-09-23,1,Concluído,2.4,False
454,452.183.976-28,cnh-digital,CNH Digital e Segunda Via,Trânsito,2026-04-14,12,Em andamento,3.6,False
455,452.183.976-28,consultar-restituicao,Consultar Restituição,Finanças e Impostos,2025-10-19,2,Concluído,4.8,False
456,960.142.857-76,passaporte,Solicitar Passaporte,Viagens e Turismo,2026-08-17,9,Concluído,3.8,False
457,960.142.857-76,consultar-restituicao,Consultar Restituição,Finanças e Impostos,2025-12-29,1,Concluído,5.0,False
458,960.142.857-76,carteira-trabalho,Carteira de Trabalho Digital,Trabalho e Previdência,2025-11-27,7,Atrasado,3.7,False
459,960.142.857-76,entregar-imposto-renda,Entregar Imposto de Renda,Finanças e Impostos,2026-01-24,5,Concluído,4.1,False
460,043.159.268-33,cnh-digital,CNH Digital e Segunda Via,Trânsito,2026-02-23,7,Concluído,3.5,False
461,043.159.268-33,consultar-restituicao,Consultar Restituição,Finanças e Impostos,2025-11-14,1,Concluído,5.0,False
462,043.159.268-33,carteira-trabalho,Carteira de Trabalho Digital,Trabalho e Previdência,2025-12-06,4,Atrasado,3.9,False
463,173.980.465-10,assinatura-eletronica,Assinatura Eletrônica,Identidade Digital,2026-06-23,2,Concluído,3.8,False
464,173.980.465-10,consultar-restituicao,Consultar Restituição,Finanças e Impostos,2026-05-24,1,Concluído,3.8,False
465,173.980.465-10,cnh-digital,CNH Digital e Segunda Via,Trânsito,2026-02-17,1,Atrasado,3.6,False
466,970.351.682-30,passaporte,Solicitar Passaporte,Viagens e Turismo,2025-11-11,13,Concluído,3.4,False
467,970.351.682-30,consultar-imposto-renda,Consultar Imposto de Renda,Finanças e Impostos,2026-04-11,1,Concluído,3.4,False
468,067.192.583-03,cnh-digital,CNH Digital e Segunda Via,Trânsito,2026-05-26,3,Em andamento,3.9,True
469,067.192.583-03,entregar-imposto-renda,Entregar Imposto de Renda,Finanças e Impostos,2025-12-27,7,Concluído,3.9,False
470,067.192.583-03,consultar-restituicao,Consultar Restituição,Finanças e Impostos,2025-12-01,1,Concluído,3.8,False
471,067.192.583-03,passaporte,Solicitar Passaporte,Viagens e Turismo,2026-07-21,7,Concluído,3.9,False
472,678.520.341-44,cnh-digital,CNH Digital e Segunda Via,Trânsito,2025-10-14,6,Concluído,2.5,True
473,678.520.341-44,entregar-imposto-renda,Entregar Imposto de Renda,Finanças e Impostos,2026-05-14,5,Concluído,3.3,False
474,678.520.341-44,passaporte,Solicitar Passaporte,Viagens e Turismo,2025-11-11,8,Concluído,4.1,False
475,902.658.471-76,passaporte,Solicitar Passaporte,Viagens e Turismo,2026-01-03,16,Concluído,3.8,False
476,739.208.564-65,passaporte,Solicitar Passaporte,Viagens e Turismo,2026-03-23,11,Concluído,3.4,False
477,739.208.564-65,assinatura-eletronica,Assinatura Eletrônica,Identidade Digital,2026-01-14,2,Concluído,4.1,False
478,739.208.564-65,carteira-trabalho,Carteira de Trabalho Digital,Trabalho e Previdência,2026-06-19,8,Concluído,2.6,True
479,739.208.564-65,consultar-imposto-renda,Consultar Imposto de Renda,Finanças e Impostos,2026-07-11,1,Concluído,3.3,False
480,163.859.240-33,passaporte,Solicitar Passaporte,Viagens e Turismo,2025-10-14,16,Em andamento,4.1,False
481,163.859.240-33,entregar-imposto-renda,Entregar Imposto de Renda,Finanças e Impostos,2026-03-29,1,Concluído,4.5,False
482,162.945.037-52,consultar-restituicao,Consultar Restituição,Finanças e Impostos,2026-08-18,2,Concluído,3.9,False
483,024.317.695-34,consultar-restituicao,Consultar Restituição,Finanças e Impostos,2026-06-07,1,Concluído,4.5,False
484,132.758.694-00,consultar-restituicao,Consultar Restituição,Finanças e Impostos,2026-07-06,2,Atrasado,4.5,False
485,132.758.694-00,assinatura-eletronica,Assinatura Eletrônica,Identidade Digital,2026-01-23,2,Concluído,5.0,False
486,132.758.694-00,consultar-imposto-renda,Consultar Imposto de Renda,Finanças e Impostos,2026-08-04,1,Concluído,4.4,False
487,082.974.365-00,assinatura-eletronica,Assinatura Eletrônica,Identidade Digital,2026-01-26,1,Concluído,5.0,False
488,345.698.720-00,consultar-restituicao,Consultar Restituição,Finanças e Impostos,2026-07-10,1,Concluído,3.9,False
489,345.698.720-00,assinatura-eletronica,Assinatura Eletrônica,Identidade Digital,2026-01-13,1,Concluído,4.7,False
490,524.960.871-01,assinatura-eletronica,Assinatura Eletrônica,Identidade Digital,2026-06-09,1,Concluído,4.6,False
491,524.960.871-01,entregar-imposto-renda,Entregar Imposto de Renda,Finanças e Impostos,2026-05-22,2,Concluído,3.4,False
492,524.960.871-01,carteira-trabalho,Carteira de Trabalho Digital,Trabalho e Previdência,2026-03-02,3,Concluído,3.6,True
493,680.957.342-92,consultar-restituicao,Consultar Restituição,Finanças e Impostos,2025-11-13,1,Concluído,4.4,False
494,680.957.342-92,passaporte,Solicitar Passaporte,Viagens e Turismo,2026-07-08,6,Concluído,4.9,False
495,680.957.342-92,carteira-trabalho,Carteira de Trabalho Digital,Trabalho e Previdência,2026-06-10,8,Em andamento,4.7,False
496,374.586.920-65,consultar-imposto-renda,Consultar Imposto de Renda,Finanças e Impostos,2026-09-03,1,Concluído,4.1,False
497,374.586.920-65,passaporte,Solicitar Passaporte,Viagens e Turismo,2025-10-16,13,Concluído,3.2,False
498,459.286.107-85,carteira-trabalho,Carteira de Trabalho Digital,Trabalho e Previdência,2026-08-21,3,Concluído,2.9,False
499,690.458.137-93,consultar-restituicao,Consultar Restituição,Finanças e Impostos,2026-01-15,1,Concluído,4.1,False
500,690.458.137-93,cnh-digital,CNH Digital e Segunda Via,Trânsito,2026-09-10,6,Concluído,4.5,False
501,690.458.137-93,assinatura-eletronica,Assinatura Eletrônica,Identidade Digital,2025-11-08,1,Concluído,4.0,False
502,690.458.137-93,entregar-imposto-renda,Entregar Imposto de Renda,Finanças e Impostos,2025-12-27,3,Concluído,3.6,False
503,172.584.963-19,consultar-restituicao,Consultar Restituição,Finanças e Impostos,2026-06-05,1,Concluído,3.8,False
504,497.603.528-00,entregar-imposto-renda,Entregar Imposto de Renda,Finanças e Impostos,2026-02-17,3,Concluído,4.1,False
505,497.603.528-00,passaporte,Solicitar Passaporte,Viagens e Turismo,2026-05-31,10,Concluído,3.2,False
506,567.128.049-49,passaporte,Solicitar Passaporte,Viagens e Turismo,2026-07-31,20,Concluído,3.2,False
507,712.435.689-09,assinatura-eletronica,Assinatura Eletrônica,Identidade Digital,2026-08-07,1,Concluído,4.3,False
508,712.435.689-09,carteira-trabalho,Carteira de Trabalho Digital,Trabalho e Previdência,2026-05-19,1,Concluído,4.0,True
509,093.152.487-32,cnh-digital,CNH Digital e Segunda Via,Trânsito,2026-04-19,4,Concluído,4.4,True
510,093.152.487-32,assinatura-eletronica,Assinatura Eletrônica,Identidade Digital,2026-08-22,1,Concluído,4.6,False
511,895.371.246-73,entregar-imposto-renda,Entregar Imposto de Renda,Finanças e Impostos,2026-04-30,4,Concluído,3.7,False
512,895.371.246-73,consultar-restituicao,Consultar Restituição,Finanças e Impostos,2026-06-13,2,Concluído,4.9,False
513,895.371.246-73,carteira-trabalho,Carteira de Trabalho Digital,Trabalho e Previdência,2026-03-01,4,Concluído,3.0,False
514,982.076.351-77,assinatura-eletronica,Assinatura Eletrônica,Identidade Digital,2025-09-23,1,Concluído,2.9,False
515,982.076.351-77,consultar-imposto-renda,Consultar Imposto de Renda,Finanças e Impostos,2026-07-23,1,Concluído,4.7,False
516,761.423.905-99,consultar-imposto-renda,Consultar Imposto de Renda,Finanças e Impostos,2025-11-05,2,Concluído,4.5,False
517,761.423.905-99,carteira-trabalho,Carteira de Trabalho Digital,Trabalho e Previdência,2026-07-10,2,Em andamento,3.7,True
518,761.423.905-99,consultar-restituicao,Consultar Restituição,Finanças e Impostos,2025-10-14,1,Concluído,5.0,False
519,761.423.905-99,entregar-imposto-renda,Entregar Imposto de Renda,Finanças e Impostos,2025-11-23,3,Atrasado,3.5,False
520,197.846.230-13,consultar-restituicao,Consultar Restituição,Finanças e Impostos,2025-10-11,1,Concluído,3.8,False
521,197.804.523-97,consultar-imposto-renda,Consultar Imposto de Renda,Finanças e Impostos,2026-09-09,1,Concluído,4.0,False
522,197.804.523-97,carteira-trabalho,Carteira de Trabalho Digital,Trabalho e Previdência,2026-01-04,6,Concluído,3.4,False
523,197.804.523-97,passaporte,Solicitar Passaporte,Viagens e Turismo,2026-04-25,16,Concluído,3.9,False
524,197.804.523-97,assinatura-eletronica,Assinatura Eletrônica,Identidade Digital,2026-02-20,1,Concluído,4.4,False
525,596.807.432-92,assinatura-eletronica,Assinatura Eletrônica,Identidade Digital,2026-07-16,2,Concluído,4.5,False
526,596.807.432-92,consultar-restituicao,Consultar Restituição,Finanças e Impostos,2026-02-20,1,Concluído,4.9,False
527,596.807.432-92,passaporte,Solicitar Passaporte,Viagens e Turismo,2026-07-30,16,Concluído,2.3,False
528,596.807.432-92,entregar-imposto-renda,Entregar Imposto de Renda,Finanças e Impostos,2025-12-28,1,Concluído,3.6,False
529,168.327.490-31,entregar-imposto-renda,Entregar Imposto de Renda,Finanças e Impostos,2026-01-25,2,Concluído,4.8,False
530,168.327.490-31,assinatura-eletronica,Assinatura Eletrônica,Identidade Digital,2025-10-13,1,Concluído,5.0,False
531,168.327.490-31,consultar-imposto-renda,Consultar Imposto de Renda,Finanças e Impostos,2025-10-12,1,Concluído,4.8,False
532,726.984.053-92,carteira-trabalho,Carteira de Trabalho Digital,Trabalho e Previdência,2025-09-20,9,Concluído,4.4,False
533,726.984.053-92,cnh-digital,CNH Digital e Segunda Via,Trânsito,2026-02-17,12,Concluído,4.2,False
534,726.984.053-92,entregar-imposto-renda,Entregar Imposto de Renda,Finanças e Impostos,2026-02-25,4,Concluído,5.0,False
535,935.467.018-01,assinatura-eletronica,Assinatura Eletrônica,Identidade Digital,2025-10-25,2,Concluído,3.9,False
536,935.467.018-01,consultar-restituicao,Consultar Restituição,Finanças e Impostos,2026-01-27,1,Concluído,4.7,False
537,935.467.018-01,cnh-digital,CNH Digital e Segunda Via,Trânsito,2026-01-02,14,Concluído,3.7,False
538,792.038.154-14,carteira-trabalho,Carteira de Trabalho Digital,Trabalho e Previdência,2026-07-11,8,Concluído,4.1,False
539,792.038.154-14,consultar-imposto-renda,Consultar Imposto de Renda,Finanças e Impostos,2026-03-02,1,Concluído,4.7,False
540,792.038.154-14,cnh-digital,CNH Digital e Segunda Via,Trânsito,2026-05-10,7,Em andamento,5.0,True
541,792.038.154-14,passaporte,Solicitar Passaporte,Viagens e Turismo,2026-02-15,3,Concluído,3.0,False
542,719.320.654-07,passaporte,Solicitar Passaporte,Viagens e Turismo,2025-10-26,13,Concluído,4.2,False
543,719.320.654-07,cnh-digital,CNH Digital e Segunda Via,Trânsito,2025-09-28,5,Atrasado,4.4,False
544,719.320.654-07,carteira-trabalho,Carteira de Trabalho Digital,Trabalho e Previdência,2025-12-31,2,Concluído,3.4,False
545,758.601.342-07,carteira-trabalho,Carteira de Trabalho Digital,Trabalho e Previdência,2026-02-10,6,Concluído,2.9,True
546,758.601.342-07,cnh-digital,CNH Digital e Segunda Via,Trânsito,2025-10-06,11,Concluído,3.9,False
547,758.601.342-07,consultar-restituicao,Consultar Restituição,Finanças e Impostos,2025-09-30,1,Concluído,5.0,False
548,758.601.342-07,entregar-imposto-renda,Entregar Imposto de Renda,Finanças e Impostos,2026-04-16,4,Concluído,4.6,False
549,485.706.139-20,assinatura-eletronica,Assinatura Eletrônica,Identidade Digital,2025-10-18,1,Concluído,4.4,False
550,485.706.139-20,carteira-trabalho,Carteira de Trabalho Digital,Trabalho e Previdência,2025-09-23,4,Em andamento,4.5,False
551,485.706.139-20,passaporte,Solicitar Passaporte,Viagens e Turismo,2025-09-29,9,Concluído,4.5,False
552,485.706.139-20,consultar-imposto-renda,Consultar Imposto de Renda,Finanças e Impostos,2026-05-09,2,Concluído,5.0,False
553,516.094.782-58,cnh-digital,CNH Digital e Segunda Via,Trânsito,2026-06-07,7,Concluído,4.1,False
554,516.094.782-58,consultar-imposto-renda,Consultar Imposto de Renda,Finanças e Impostos,2026-06-18,1,Concluído,4.0,False
555,516.094.782-58,entregar-imposto-renda,Entregar Imposto de Renda,Finanças e Impostos,2026-04-25,2,Concluído,3.8,False
556,516.094.782-58,passaporte,Solicitar Passaporte,Viagens e Turismo,2026-05-07,18,Em andamento,3.8,False
557,782.541.603-17,carteira-trabalho,Carteira de Trabalho Digital,Trabalho e Previdência,2025-10-11,4,Concluído,4.6,True
558,782.541.603-17,assinatura-eletronica,Assinatura Eletrônica,Identidade Digital,2025-09-17,1,Concluído,5.0,False
559,782.541.603-17,cnh-digital,CNH Digital e Segunda Via,Trânsito,2026-08-11,8,Concluído,3.4,False
560,296.457.831-19,consultar-imposto-renda,Consultar Imposto de Renda,Finanças e Impostos,2026-03-29,1,Concluído,4.6,False
561,296.457.831-19,cnh-digital,CNH Digital e Segunda Via,Trânsito,2025-12-17,3,Concluído,3.8,False
562,296.457.831-19,entregar-imposto-renda,Entregar Imposto de Renda,Finanças e Impostos,2026-07-18,2,Atrasado,3.3,False
563,519.436.728-73,assinatura-eletronica,Assinatura Eletrônica,Identidade Digital,2026-04-03,1,Concluído,5.0,False
564,519.436.728-73,passaporte,Solicitar Passaporte,Viagens e Turismo,2026-05-06,8,Atrasado,3.7,False
565,429.581.067-30,carteira-trabalho,Carteira de Trabalho Digital,Trabalho e Previdência,2026-01-08,10,Concluído,3.9,False
566,429.581.067-30,cnh-digital,CNH Digital e Segunda Via,Trânsito,2026-07-27,13,Concluído,5.0,True
567,429.581.067-30,consultar-restituicao,Consultar Restituição,Finanças e Impostos,2026-08-12,1,Concluído,5.0,False
568,406.372.851-07,cnh-digital,CNH Digital e Segunda Via,Trânsito,2025-10-18,9,Concluído,3.5,True
569,406.372.851-07,assinatura-eletronica,Assinatura Eletrônica,Identidade Digital,2026-03-29,1,Concluído,4.7,False
570,406.372.851-07,consultar-imposto-renda,Consultar Imposto de Renda,Finanças e Impostos,2026-05-09,1,Concluído,4.0,False
571,406.372.851-07,consultar-restituicao,Consultar Restituição,Finanças e Impostos,2026-05-05,1,Concluído,4.9,False
572,219.854.063-06,assinatura-eletronica,Assinatura Eletrônica,Identidade Digital,2025-12-15,2,Concluído,4.6,False
573,219.854.063-06,consultar-restituicao,Consultar Restituição,Finanças e Impostos,2025-11-19,3,Concluído,4.8,False
574,219.854.063-06,cnh-digital,CNH Digital e Segunda Via,Trânsito,2025-12-31,13,Concluído,4.4,True
575,209.748.613-40,consultar-restituicao,Consultar Restituição,Finanças e Impostos,2026-06-26,1,Concluído,4.4,False
576,209.748.613-40,cnh-digital,CNH Digital e Segunda Via,Trânsito,2025-12-09,7,Concluído,4.5,False
577,209.748.613-40,assinatura-eletronica,Assinatura Eletrônica,Identidade Digital,2025-10-18,1,Concluído,5.0,False
578,209.748.613-40,passaporte,Solicitar Passaporte,Viagens e Turismo,2025-12-04,13,Concluído,3.9,False
579,615.892.473-37,carteira-trabalho,Carteira de Trabalho Digital,Trabalho e Previdência,2026-05-30,5,Concluído,2.3,False
580,615.892.473-37,cnh-digital,CNH Digital e Segunda Via,Trânsito,2025-10-19,9,Concluído,3.4,False
581,615.892.473-37,assinatura-eletronica,Assinatura Eletrônica,Identidade Digital,2026-05-08,1,Concluído,5.0,False
582,615.892.473-37,entregar-imposto-renda,Entregar Imposto de Renda,Finanças e Impostos,2026-08-18,5,Em andamento,2.8,False
583,305.986.241-98,entregar-imposto-renda,Entregar Imposto de Renda,Finanças e Impostos,2025-10-06,4,Concluído,4.0,False
584,120.579.483-23,entregar-imposto-renda,Entregar Imposto de Renda,Finanças e Impostos,2026-07-25,3,Concluído,4.1,False
585,120.579.483-23,cnh-digital,CNH Digital e Segunda Via,Trânsito,2026-01-09,3,Concluído,4.0,False
586,120.579.483-23,consultar-imposto-renda,Consultar Imposto de Renda,Finanças e Impostos,2025-11-29,1,Em andamento,3.9,False
587,120.579.483-23,carteira-trabalho,Carteira de Trabalho Digital,Trabalho e Previdência,2026-04-07,5,Concluído,4.0,False
588,501.867.239-03,consultar-imposto-renda,Consultar Imposto de Renda,Finanças e Impostos,2026-01-12,1,Concluído,4.4,False
589,501.867.239-03,passaporte,Solicitar Passaporte,Viagens e Turismo,2025-12-06,18,Concluído,4.3,False
590,501.867.239-03,entregar-imposto-renda,Entregar Imposto de Renda,Finanças e Impostos,2026-04-24,4,Concluído,3.6,False
591,019.572.684-76,passaporte,Solicitar Passaporte,Viagens e Turismo,2026-08-07,20,Concluído,3.1,False
592,019.572.684-76,cnh-digital,CNH Digital e Segunda Via,Trânsito,2025-11-21,2,Concluído,3.2,True
593,019.572.684-76,assinatura-eletronica,Assinatura Eletrônica,Identidade Digital,2026-05-04,1,Concluído,4.0,False
594,326.748.195-37,entregar-imposto-renda,Entregar Imposto de Renda,Finanças e Impostos,2026-05-23,5,Concluído,3.4,False
595,326.748.195-37,consultar-restituicao,Consultar Restituição,Finanças e Impostos,2026-07-08,1,Concluído,4.7,False
596,435.189.602-70,passaporte,Solicitar Passaporte,Viagens e Turismo,2026-05-15,18,Concluído,2.9,False
597,814.502.639-33,cnh-digital,CNH Digital e Segunda Via,Trânsito,2026-07-05,6,Atrasado,3.8,False
598,814.502.639-33,carteira-trabalho,Carteira de Trabalho Digital,Trabalho e Previdência,2026-01-10,6,Concluído,3.5,False
599,754.891.263-37,entregar-imposto-renda,Entregar Imposto de Renda,Finanças e Impostos,2025-10-07,4,Concluído,5.0,False
600,754.891.263-37,consultar-imposto-renda,Consultar Imposto de Renda,Finanças e Impostos,2026-01-17,3,Concluído,3.7,False
601,754.891.263-37,assinatura-eletronica,Assinatura Eletrônica,Identidade Digital,2025-10-17,1,Concluído,5.0,False
602,578.329.640-65,cnh-digital,CNH Digital e Segunda Via,Trânsito,2025-11-22,6,Concluído,3.6,False
603,578.329.640-65,passaporte,Solicitar Passaporte,Viagens e Turismo,2025-10-15,14,Concluído,3.7,False
604,578.329.640-65,entregar-imposto-renda,Entregar Imposto de Renda,Finanças e Impostos,2026-05-23,1,Concluído,3.8,False
605,063.942.758-83,cnh-digital,CNH Digital e Segunda Via,Trânsito,2026-01-01,11,Concluído,3.3,False
606,063.942.758-83,consultar-restituicao,Consultar Restituição,Finanças e Impostos,2026-04-24,1,Concluído,4.9,False
607,063.942.758-83,carteira-trabalho,Carteira de Trabalho Digital,Trabalho e Previdência,2026-07-16,4,Concluído,3.1,True
608,063.942.758-83,assinatura-eletronica,Assinatura Eletrônica,Identidade Digital,2025-10-04,1,Concluído,4.7,False
609,032.641.897-04,assinatura-eletronica,Assinatura Eletrônica,Identidade Digital,2025-11-25,1,Concluído,4.4,False
610,032.641.897-04,consultar-imposto-renda,Consultar Imposto de Renda,Finanças e Impostos,2025-11-25,1,Concluído,4.6,False
611,032.641.897-04,cnh-digital,CNH Digital e Segunda Via,Trânsito,2025-12-24,13,Concluído,3.5,True
612,032.641.897-04,passaporte,Solicitar Passaporte,Viagens e Turismo,2025-10-11,18,Concluído,2.5,False
613,530.914.268-15,cnh-digital,CNH Digital e Segunda Via,Trânsito,2026-02-16,3,Em andamento,3.1,False
614,530.914.268-15,consultar-restituicao,Consultar Restituição,Finanças e Impostos,2026-05-02,2,Concluído,5.0,False
615,530.914.268-15,consultar-imposto-renda,Consultar Imposto de Renda,Finanças e Impostos,2025-11-13,1,Concluído,4.1,False
616,530.914.268-15,carteira-trabalho,Carteira de Trabalho Digital,Trabalho e Previdência,2026-07-21,8,Atrasado,3.7,False
617,268.940.715-94,consultar-imposto-renda,Consultar Imposto de Renda,Finanças e Impostos,2026-01-14,2,Concluído,3.8,False
618,231.459.706-07,assinatura-eletronica,Assinatura Eletrônica,Identidade Digital,2026-01-11,1,Concluído,3.5,False
619,798.146.302-50,cnh-digital,CNH Digital e Segunda Via,Trânsito,2025-10-02,5,Concluído,3.1,True
620,249.836.071-96,consultar-imposto-renda,Consultar Imposto de Renda,Finanças e Impostos,2025-11-17,2,Concluído,3.1,False
621,249.836.071-96,consultar-restituicao,Consultar Restituição,Finanças e Impostos,2025-11-24,1,Concluído,4.7,False
622,249.836.071-96,passaporte,Solicitar Passaporte,Viagens e Turismo,2026-05-18,14,Concluído,3.7,False
623,249.836.071-96,entregar-imposto-renda,Entregar Imposto de Renda,Finanças e Impostos,2025-12-10,2,Concluído,4.1,False
624,284.159.370-32,carteira-trabalho,Carteira de Trabalho Digital,Trabalho e Previdência,2025-12-21,5,Concluído,3.6,False
625,270.645.831-35,consultar-restituicao,Consultar Restituição,Finanças e Impostos,2026-06-27,1,Concluído,4.9,False
626,270.645.831-35,entregar-imposto-renda,Entregar Imposto de Renda,Finanças e Impostos,2025-12-14,2,Concluído,4.2,False
627,270.645.831-35,assinatura-eletronica,Assinatura Eletrônica,Identidade Digital,2025-10-01,1,Concluído,4.8,False
628,086.135.249-15,consultar-imposto-renda,Consultar Imposto de Renda,Finanças e Impostos,2026-05-08,2,Concluído,4.2,False
629,086.135.249-15,entregar-imposto-renda,Entregar Imposto de Renda,Finanças e Impostos,2026-02-23,3,Concluído,2.7,False
630,086.135.249-15,carteira-trabalho,Carteira de Trabalho Digital,Trabalho e Previdência,2026-05-20,1,Concluído,3.9,False
631,086.135.249-15,consultar-restituicao,Consultar Restituição,Finanças e Impostos,2026-02-21,1,Concluído,3.4,False
632,081.493.726-87,consultar-imposto-renda,Consultar Imposto de Renda,Finanças e Impostos,2026-02-27,1,Concluído,4.3,False
633,946.713.805-01,consultar-restituicao,Consultar Restituição,Finanças e Impostos,2026-02-04,2,Concluído,4.7,False
634,946.713.805-01,carteira-trabalho,Carteira de Trabalho Digital,Trabalho e Previdência,2025-11-07,7,Atrasado,3.7,False
635,137.659.084-01,cnh-digital,CNH Digital e Segunda Via,Trânsito,2026-06-17,5,Concluído,3.2,False
636,194.820.756-76,consultar-imposto-renda,Consultar Imposto de Renda,Finanças e Impostos,2025-12-27,1,Concluído,4.3,False
637,194.820.756-76,assinatura-eletronica,Assinatura Eletrônica,Identidade Digital,2026-08-27,1,Em andamento,5.0,False
638,194.820.756-76,carteira-trabalho,Carteira de Trabalho Digital,Trabalho e Previdência,2026-04-26,5,Concluído,3.0,False
639,384.107.625-44,passaporte,Solicitar Passaporte,Viagens e Turismo,2025-09-19,14,Concluído,3.9,False
640,930.567.421-61,entregar-imposto-renda,Entregar Imposto de Renda,Finanças e Impostos,2025-11-08,5,Concluído,3.7,False
641,930.567.421-61,cnh-digital,CNH Digital e Segunda Via,Trânsito,2026-09-12,8,Concluído,4.3,True
642,930.567.421-61,consultar-imposto-renda,Consultar Imposto de Renda,Finanças e Impostos,2026-04-17,1,Concluído,4.6,False
643,261.408.975-30,carteira-trabalho,Carteira de Trabalho Digital,Trabalho e Previdência,2025-09-24,3,Concluído,3.8,False
644,261.408.975-30,cnh-digital,CNH Digital e Segunda Via,Trânsito,2026-03-25,12,Concluído,3.5,False
645,261.408.975-30,entregar-imposto-renda,Entregar Imposto de Renda,Finanças e Impostos,2026-08-31,2,Concluído,4.0,False
646,790.382.516-02,passaporte,Solicitar Passaporte,Viagens e Turismo,2026-05-20,14,Concluído,3.2,False
647,790.382.516-02,cnh-digital,CNH Digital e Segunda Via,Trânsito,2025-12-14,15,Concluído,3.8,True
648,512.379.846-37,assinatura-eletronica,Assinatura Eletrônica,Identidade Digital,2026-01-14,1,Concluído,5.0,False
649,512.379.846-37,carteira-trabalho,Carteira de Trabalho Digital,Trabalho e Previdência,2026-06-13,9,Em andamento,3.3,False
650,512.379.846-37,consultar-imposto-renda,Consultar Imposto de Renda,Finanças e Impostos,2026-05-14,1,Concluído,4.0,False
651,395.107.426-43,cnh-digital,CNH Digital e Segunda Via,Trânsito,2026-03-16,9,Atrasado,3.9,False
652,395.107.426-43,carteira-trabalho,Carteira de Trabalho Digital,Trabalho e Previdência,2025-11-04,10,Atrasado,3.6,False
653,284.317.506-26,consultar-restituicao,Consultar Restituição,Finanças e Impostos,2026-01-06,2,Concluído,5.0,False
654,284.317.506-26,carteira-trabalho,Carteira de Trabalho Digital,Trabalho e Previdência,2026-02-23,6,Concluído,4.4,False
655,284.317.506-26,entregar-imposto-renda,Entregar Imposto de Renda,Finanças e Impostos,2026-01-13,3,Concluído,3.8,False
656,508.913.762-59,consultar-restituicao,Consultar Restituição,Finanças e Impostos,2025-09-22,1,Concluído,4.4,False
657,508.913.762-59,assinatura-eletronica,Assinatura Eletrônica,Identidade Digital,2025-10-04,1,Concluído,5.0,False
658,365.298.704-74,consultar-imposto-renda,Consultar Imposto de Renda,Finanças e Impostos,2026-05-16,1,Concluído,5.0,False
659,365.298.704-74,carteira-trabalho,Carteira de Trabalho Digital,Trabalho e Previdência,2026-06-12,3,Concluído,3.6,False
660,365.298.704-74,entregar-imposto-renda,Entregar Imposto de Renda,Finanças e Impostos,2026-02-21,3,Concluído,4.3,False
661,270.135.694-61,cnh-digital,CNH Digital e Segunda Via,Trânsito,2026-04-29,10,Em andamento,3.0,False
662,270.135.694-61,assinatura-eletronica,Assinatura Eletrônica,Identidade Digital,2026-06-30,1,Concluído,4.6,False
663,719.526.483-19,cnh-digital,CNH Digital e Segunda Via,Trânsito,2025-12-24,5,Concluído,3.6,False
664,719.526.483-19,passaporte,Solicitar Passaporte,Viagens e Turismo,2025-11-28,14,Concluído,3.9,False
665,879.034.216-03,cnh-digital,CNH Digital e Segunda Via,Trânsito,2026-01-14,9,Concluído,3.5,False
666,879.034.216-03,entregar-imposto-renda,Entregar Imposto de Renda,Finanças e Impostos,2026-03-14,1,Concluído,3.4,False
667,496.237.510-52,consultar-restituicao,Consultar Restituição,Finanças e Impostos,2026-07-14,1,Concluído,5.0,False
668,198.340.576-01,cnh-digital,CNH Digital e Segunda Via,Trânsito,2026-03-17,6,Concluído,4.3,False
669,198.340.576-01,entregar-imposto-renda,Entregar Imposto de Renda,Finanças e Impostos,2026-08-05,2,Concluído,4.2,False
670,298.067.413-31,cnh-digital,CNH Digital e Segunda Via,Trânsito,2025-10-22,9,Concluído,3.2,False
671,298.067.413-31,consultar-imposto-renda,Consultar Imposto de Renda,Finanças e Impostos,2026-08-09,2,Concluído,4.6,False
672,964.237.105-70,passaporte,Solicitar Passaporte,Viagens e Turismo,2025-10-19,3,Atrasado,4.6,False
673,964.237.105-70,entregar-imposto-renda,Entregar Imposto de Renda,Finanças e Impostos,2025-11-18,1,Concluído,3.8,False
674,964.237.105-70,carteira-trabalho,Carteira de Trabalho Digital,Trabalho e Previdência,2026-09-03,6,Concluído,3.9,False
675,470.536.281-08,consultar-imposto-renda,Consultar Imposto de Renda,Finanças e Impostos,2026-06-21,1,Concluído,4.5,False
676,693.207.184-31,carteira-trabalho,Carteira de Trabalho Digital,Trabalho e Previdência,2025-12-20,5,Concluído,3.4,False
677,693.207.184-31,assinatura-eletronica,Assinatura Eletrônica,Identidade Digital,2025-10-14,2,Concluído,4.4,False
678,693.207.184-31,passaporte,Solicitar Passaporte,Viagens e Turismo,2026-04-22,9,Concluído,3.9,False
679,693.207.184-31,consultar-restituicao,Consultar Restituição,Finanças e Impostos,2026-06-19,2,Concluído,4.7,False
680,794.583.160-57,cnh-digital,CNH Digital e Segunda Via,Trânsito,2025-12-12,12,Concluído,3.4,False
681,794.583.160-57,consultar-restituicao,Consultar Restituição,Finanças e Impostos,2025-12-12,2,Concluído,5.0,False
682,794.583.160-57,passaporte,Solicitar Passaporte,Viagens e Turismo,2025-10-24,16,Concluído,3.4,False
683,120.398.654-89,entregar-imposto-renda,Entregar Imposto de Renda,Finanças e Impostos,2026-05-21,4,Concluído,3.3,False
684,120.398.654-89,consultar-restituicao,Consultar Restituição,Finanças e Impostos,2026-05-04,1,Concluído,4.6,False
685,120.398.654-89,carteira-trabalho,Carteira de Trabalho Digital,Trabalho e Previdência,2026-07-07,3,Concluído,4.2,False
686,234.680.795-83,entregar-imposto-renda,Entregar Imposto de Renda,Finanças e Impostos,2025-11-13,3,Concluído,4.0,False
687,234.680.795-83,assinatura-eletronica,Assinatura Eletrônica,Identidade Digital,2026-02-16,2,Concluído,4.2,False
688,234.680.795-83,consultar-restituicao,Consultar Restituição,Finanças e Impostos,2025-10-19,1,Concluído,4.9,False
689,234.680.795-83,cnh-digital,CNH Digital e Segunda Via,Trânsito,2026-02-10,5,Concluído,3.2,False
690,645.170.892-58,entregar-imposto-renda,Entregar Imposto de Renda,Finanças e Impostos,2026-04-30,1,Concluído,4.5,False
691,645.170.892-58,passaporte,Solicitar Passaporte,Viagens e Turismo,2026-04-19,16,Concluído,4.2,False
692,645.170.892-58,carteira-trabalho,Carteira de Trabalho Digital,Trabalho e Previdência,2025-09-21,4,Concluído,3.3,True
693,024.793.158-60,consultar-imposto-renda,Consultar Imposto de Renda,Finanças e Impostos,2026-07-24,1,Concluído,4.6,False
694,150.729.634-70,consultar-imposto-renda,Consultar Imposto de Renda,Finanças e Impostos,2026-07-30,2,Concluído,4.9,False
695,407.539.261-99,cnh-digital,CNH Digital e Segunda Via,Trânsito,2026-01-20,8,Concluído,3.6,False
696,407.539.261-99,consultar-restituicao,Consultar Restituição,Finanças e Impostos,2026-07-02,2,Concluído,4.9,False
697,407.539.261-99,entregar-imposto-renda,Entregar Imposto de Renda,Finanças e Impostos,2026-01-17,5,Concluído,5.0,False
698,748.923.051-97,cnh-digital,CNH Digital e Segunda Via,Trânsito,2026-03-01,9,Concluído,3.1,True
699,748.923.051-97,assinatura-eletronica,Assinatura Eletrônica,Identidade Digital,2026-01-22,1,Concluído,4.3,False
700,748.923.051-97,passaporte,Solicitar Passaporte,Viagens e Turismo,2026-05-31,4,Concluído,4.0,False
701,748.923.051-97,consultar-imposto-renda,Consultar Imposto de Renda,Finanças e Impostos,2026-04-02,2,Concluído,5.0,False
702,387.641.259-55,entregar-imposto-renda,Entregar Imposto de Renda,Finanças e Impostos,2026-01-11,2,Atrasado,3.6,False
703,173.064.829-04,assinatura-eletronica,Assinatura Eletrônica,Identidade Digital,2025-10-25,1,Concluído,4.6,False
704,173.064.829-04,consultar-imposto-renda,Consultar Imposto de Renda,Finanças e Impostos,2025-11-19,2,Concluído,5.0,False
705,719.650.238-86,carteira-trabalho,Carteira de Trabalho Digital,Trabalho e Previdência,2025-09-26,2,Concluído,3.7,True
706,386.174.520-80,consultar-restituicao,Consultar Restituição,Finanças e Impostos,2025-09-28,1,Atrasado,3.6,False
707,386.174.520-80,assinatura-eletronica,Assinatura Eletrônica,Identidade Digital,2026-08-15,1,Concluído,4.9,False
708,865.714.392-55,consultar-imposto-renda,Consultar Imposto de Renda,Finanças e Impostos,2026-01-08,1,Concluído,5.0,False
709,845.367.029-38,cnh-digital,CNH Digital e Segunda Via,Trânsito,2026-09-04,7,Concluído,3.2,False
710,845.367.029-38,consultar-restituicao,Consultar Restituição,Finanças e Impostos,2026-01-09,1,Concluído,3.8,False
711,845.367.029-38,consultar-imposto-renda,Consultar Imposto de Renda,Finanças e Impostos,2026-01-07,1,Concluído,4.7,False
712,482.063.759-29,entregar-imposto-renda,Entregar Imposto de Renda,Finanças e Impostos,2026-08-10,1,Concluído,3.8,False
713,482.063.759-29,carteira-trabalho,Carteira de Trabalho Digital,Trabalho e Previdência,2025-12-11,5,Concluído,3.6,False
714,482.063.759-29,passaporte,Solicitar Passaporte,Viagens e Turismo,2026-06-12,17,Concluído,3.2,False
715,482.063.759-29,consultar-imposto-renda,Consultar Imposto de Renda,Finanças e Impostos,2025-11-01,1,Concluído,5.0,False
716,315.698.720-40,consultar-imposto-renda,Consultar Imposto de Renda,Finanças e Impostos,2025-11-05,1,Concluído,4.9,False
717,315.698.720-40,carteira-trabalho,Carteira de Trabalho Digital,Trabalho e Previdência,2026-07-27,4,Em andamento,3.6,False
718,315.698.720-40,consultar-restituicao,Consultar Restituição,Finanças e Impostos,2026-06-03,1,Concluído,4.7,False
719,315.698.720-40,cnh-digital,CNH Digital e Segunda Via,Trânsito,2025-10-21,11,Concluído,2.9,False
720,306.824.719-50,assinatura-eletronica,Assinatura Eletrônica,Identidade Digital,2025-11-08,1,Concluído,4.5,False
721,306.824.719-50,entregar-imposto-renda,Entregar Imposto de Renda,Finanças e Impostos,2025-10-14,1,Concluído,4.0,False
722,306.824.719-50,consultar-imposto-renda,Consultar Imposto de Renda,Finanças e Impostos,2025-10-22,2,Concluído,4.6,False
723,628.703.591-95,cnh-digital,CNH Digital e Segunda Via,Trânsito,2025-12-18,9,Concluído,3.8,False
724,628.703.591-95,entregar-imposto-renda,Entregar Imposto de Renda,Finanças e Impostos,2025-12-23,5,Concluído,4.5,False
725,628.703.591-95,assinatura-eletronica,Assinatura Eletrônica,Identidade Digital,2026-06-09,1,Concluído,5.0,False
726,628.703.591-95,passaporte,Solicitar Passaporte,Viagens e Turismo,2026-06-15,6,Atrasado,3.5,False
727,763.485.102-71,passaporte,Solicitar Passaporte,Viagens e Turismo,2026-07-23,14,Concluído,4.1,False
728,763.485.102-71,consultar-restituicao,Consultar Restituição,Finanças e Impostos,2026-03-26,1,Concluído,3.9,False
729,763.485.102-71,cnh-digital,CNH Digital e Segunda Via,Trânsito,2026-03-18,12,Atrasado,3.3,False
730,358.470.261-53,cnh-digital,CNH Digital e Segunda Via,Trânsito,2025-11-30,5,Concluído,3.5,False
731,358.470.261-53,passaporte,Solicitar Passaporte,Viagens e Turismo,2026-03-14,18,Concluído,3.6,False
732,358.470.261-53,entregar-imposto-renda,Entregar Imposto de Renda,Finanças e Impostos,2026-08-28,5,Concluído,3.8,False
733,358.470.261-53,consultar-imposto-renda,Consultar Imposto de Renda,Finanças e Impostos,2026-04-13,4,Concluído,4.4,False
734,032.679.584-74,assinatura-eletronica,Assinatura Eletrônica,Identidade Digital,2025-12-05,1,Concluído,4.5,False
735,032.679.584-74,passaporte,Solicitar Passaporte,Viagens e Turismo,2026-07-28,17,Concluído,3.9,False
736,032.679.584-74,entregar-imposto-renda,Entregar Imposto de Renda,Finanças e Impostos,2026-03-11,4,Concluído,3.6,False
737,872.560.394-92,assinatura-eletronica,Assinatura Eletrônica,Identidade Digital,2025-11-27,2,Concluído,4.1,False
738,872.560.394-92,carteira-trabalho,Carteira de Trabalho Digital,Trabalho e Previdência,2026-01-10,7,Concluído,4.6,False
739,872.560.394-92,consultar-restituicao,Consultar Restituição,Finanças e Impostos,2026-07-28,1,Concluído,4.2,False
740,645.907.231-07,assinatura-eletronica,Assinatura Eletrônica,Identidade Digital,2026-02-04,1,Concluído,5.0,False
741,645.907.231-07,cnh-digital,CNH Digital e Segunda Via,Trânsito,2026-05-21,8,Atrasado,2.5,False
742,645.907.231-07,entregar-imposto-renda,Entregar Imposto de Renda,Finanças e Impostos,2026-08-18,3,Concluído,4.1,False
743,645.907.231-07,carteira-trabalho,Carteira de Trabalho Digital,Trabalho e Previdência,2026-06-30,3,Concluído,4.4,False
744,780.914.253-41,consultar-restituicao,Consultar Restituição,Finanças e Impostos,2026-05-24,1,Concluído,4.9,False
745,780.914.253-41,carteira-trabalho,Carteira de Trabalho Digital,Trabalho e Previdência,2026-03-26,8,Concluído,4.0,False
746,780.914.253-41,passaporte,Solicitar Passaporte,Viagens e Turismo,2026-08-02,7,Concluído,4.2,False
747,780.914.253-41,assinatura-eletronica,Assinatura Eletrônica,Identidade Digital,2026-07-07,1,Concluído,4.6,False
748,843.127.609-69,carteira-trabalho,Carteira de Trabalho Digital,Trabalho e Previdência,2025-12-20,5,Concluído,3.8,False
749,843.127.609-69,cnh-digital,CNH Digital e Segunda Via,Trânsito,2025-11-24,13,Concluído,4.2,False
750,283.619.570-30,entregar-imposto-renda,Entregar Imposto de Renda,Finanças e Impostos,2026-04-11,4,Concluído,4.4,False
751,283.619.570-30,carteira-trabalho,Carteira de Trabalho Digital,Trabalho e Previdência,2026-01-31,3,Em andamento,3.1,False
752,283.619.570-30,assinatura-eletronica,Assinatura Eletrônica,Identidade Digital,2026-06-27,1,Concluído,3.4,False
753,694.352.107-16,consultar-imposto-renda,Consultar Imposto de Renda,Finanças e Impostos,2025-11-01,3,Concluído,3.8,False
754,051.837.624-90,entregar-imposto-renda,Entregar Imposto de Renda,Finanças e Impostos,2025-09-24,3,Concluído,3.4,False
755,463.581.902-70,consultar-imposto-renda,Consultar Imposto de Renda,Finanças e Impostos,2026-05-29,1,Concluído,5.0,False
756,463.581.902-70,passaporte,Solicitar Passaporte,Viagens e Turismo,2026-01-10,1,Concluído,2.5,False
757,463.581.902-70,carteira-trabalho,Carteira de Trabalho Digital,Trabalho e Previdência,2025-10-07,8,Concluído,3.7,True
758,560.473.892-10,assinatura-eletronica,Assinatura Eletrônica,Identidade Digital,2026-06-04,1,Concluído,3.8,False
759,560.473.892-10,entregar-imposto-renda,Entregar Imposto de Renda,Finanças e Impostos,2025-10-14,4,Concluído,3.8,False
760,648.319.270-31,cnh-digital,CNH Digital e Segunda Via,Trânsito,2026-04-18,12,Concluído,3.1,False
761,648.319.270-31,assinatura-eletronica,Assinatura Eletrônica,Identidade Digital,2025-09-16,2,Concluído,4.9,False
762,648.319.270-31,passaporte,Solicitar Passaporte,Viagens e Turismo,2025-12-16,15,Atrasado,4.0,False
763,695.301.827-59,assinatura-eletronica,Assinatura Eletrônica,Identidade Digital,2026-05-11,2,Concluído,4.4,False
764,751.483.962-37,assinatura-eletronica,Assinatura Eletrônica,Identidade Digital,2025-09-29,1,Concluído,5.0,False
765,751.483.962-37,entregar-imposto-renda,Entregar Imposto de Renda,Finanças e Impostos,2026-01-01,3,Concluído,4.1,False
766,479.510.682-76,cnh-digital,CNH Digital e Segunda Via,Trânsito,2026-05-22,13,Concluído,4.7,True
767,479.510.682-76,assinatura-eletronica,Assinatura Eletrônica,Identidade Digital,2026-03-03,1,Concluído,4.5,False
768,479.510.682-76,carteira-trabalho,Carteira de Trabalho Digital,Trabalho e Previdência,2025-09-28,5,Concluído,4.0,False
769,479.510.682-76,entregar-imposto-renda,Entregar Imposto de Renda,Finanças e Impostos,2025-11-09,2,Concluído,4.6,False
770,378.960.451-84,carteira-trabalho,Carteira de Trabalho Digital,Trabalho e Previdência,2025-09-29,7,Concluído,2.5,False
771,378.960.451-84,cnh-digital,CNH Digital e Segunda Via,Trânsito,2025-12-20,11,Atrasado,3.4,False
772,945.067.382-92,entregar-imposto-renda,Entregar Imposto de Renda,Finanças e Impostos,2025-12-03,1,Concluído,3.7,False
773,945.067.382-92,assinatura-eletronica,Assinatura Eletrônica,Identidade Digital,2026-07-02,1,Concluído,3.6,False
774,561.834.072-08,consultar-restituicao,Consultar Restituição,Finanças e Impostos,2026-06-29,1,Concluído,4.2,False
775,561.834.072-08,entregar-imposto-renda,Entregar Imposto de Renda,Finanças e Impostos,2025-11-05,1,Concluído,3.4,False
776,561.834.072-08,cnh-digital,CNH Digital e Segunda Via,Trânsito,2025-11-13,9,Concluído,4.6,False
777,561.834.072-08,passaporte,Solicitar Passaporte,Viagens e Turismo,2026-01-13,19,Concluído,4.7,False
778,189.354.276-91,consultar-imposto-renda,Consultar Imposto de Renda,Finanças e Impostos,2026-01-15,1,Concluído,4.6,False
779,189.354.276-91,consultar-restituicao,Consultar Restituição,Finanças e Impostos,2026-09-07,3,Concluído,3.8,False
780,189.354.276-91,passaporte,Solicitar Passaporte,Viagens e Turismo,2025-10-06,21,Concluído,3.7,False
781,934.105.768-00,cnh-digital,CNH Digital e Segunda Via,Trânsito,2026-01-23,11,Concluído,3.3,False
782,934.105.768-00,carteira-trabalho,Carteira de Trabalho Digital,Trabalho e Previdência,2026-03-04,5,Atrasado,3.0,False
783,934.105.768-00,consultar-restituicao,Consultar Restituição,Finanças e Impostos,2025-10-21,2,Concluído,3.8,False
784,934.105.768-00,entregar-imposto-renda,Entregar Imposto de Renda,Finanças e Impostos,2026-01-26,1,Concluído,4.2,False
785,491.268.503-89,carteira-trabalho,Carteira de Trabalho Digital,Trabalho e Previdência,2026-02-24,6,Concluído,3.6,False
786,491.268.503-89,cnh-digital,CNH Digital e Segunda Via,Trânsito,2026-08-20,9,Atrasado,4.3,False
787,279.534.816-00,consultar-restituicao,Consultar Restituição,Finanças e Impostos,2025-11-05,2,Concluído,4.1,False
788,279.534.816-00,entregar-imposto-renda,Entregar Imposto de Renda,Finanças e Impostos,2026-01-20,4,Concluído,3.3,False
789,124.608.375-26,consultar-imposto-renda,Consultar Imposto de Renda,Finanças e Impostos,2025-11-19,2,Concluído,3.9,False
790,173.286.945-64,entregar-imposto-renda,Entregar Imposto de Renda,Finanças e Impostos,2026-01-25,1,Concluído,3.4,False
791,173.286.945-64,consultar-restituicao,Consultar Restituição,Finanças e Impostos,2026-01-25,2,Concluído,4.8,False
792,173.286.945-64,assinatura-eletronica,Assinatura Eletrônica,Identidade Digital,2025-09-15,1,Concluído,3.7,False
793,173.286.945-64,consultar-imposto-renda,Consultar Imposto de Renda,Finanças e Impostos,2026-07-18,1,Concluído,3.5,False
794,782.193.560-30,passaporte,Solicitar Passaporte,Viagens e Turismo,2026-03-05,10,Concluído,3.7,False
795,782.193.560-30,carteira-trabalho,Carteira de Trabalho Digital,Trabalho e Previdência,2026-03-27,2,Concluído,3.2,False
796,782.193.560-30,cnh-digital,CNH Digital e Segunda Via,Trânsito,2026-06-15,8,Concluído,3.5,False
797,782.193.560-30,consultar-imposto-renda,Consultar Imposto de Renda,Finanças e Impostos,2026-01-29,1,Concluído,4.7,False
798,810.274.596-76,assinatura-eletronica,Assinatura Eletrônica,Identidade Digital,2026-05-08,2,Concluído,4.7,False
799,810.274.596-76,carteira-trabalho,Carteira de Trabalho Digital,Trabalho e Previdência,2026-09-12,3,Concluído,3.2,False
800,495.630.287-83,consultar-restituicao,Consultar Restituição,Finanças e Impostos,2026-05-12,2,Concluído,4.2,False
801,495.630.287-83,cnh-digital,CNH Digital e Segunda Via,Trânsito,2026-05-31,10,Concluído,3.8,True
802,495.630.287-83,assinatura-eletronica,Assinatura Eletrônica,Identidade Digital,2026-08-29,1,Concluído,3.6,False
803,495.630.287-83,carteira-trabalho,Carteira de Trabalho Digital,Trabalho e Previdência,2026-08-01,7,Concluído,3.8,False
804,432.079.581-41,consultar-restituicao,Consultar Restituição,Finanças e Impostos,2025-11-22,1,Concluído,4.6,False
805,432.079.581-41,passaporte,Solicitar Passaporte,Viagens e Turismo,2026-04-02,8,Concluído,4.2,False
806,275.961.043-80,cnh-digital,CNH Digital e Segunda Via,Trânsito,2026-01-16,12,Concluído,4.4,False
807,275.961.043-80,carteira-trabalho,Carteira de Trabalho Digital,Trabalho e Previdência,2025-12-20,5,Concluído,4.0,False
808,275.961.043-80,assinatura-eletronica,Assinatura Eletrônica,Identidade Digital,2025-10-27,1,Concluído,4.6,False
809,275.961.043-80,entregar-imposto-renda,Entregar Imposto de Renda,Finanças e Impostos,2025-11-09,8,Concluído,3.2,False
810,456.182.973-37,entregar-imposto-renda,Entregar Imposto de Renda,Finanças e Impostos,2025-10-30,2,Concluído,4.2,False
811,456.182.973-37,carteira-trabalho,Carteira de Trabalho Digital,Trabalho e Previdência,2025-12-22,5,Atrasado,2.9,False
812,456.182.973-37,passaporte,Solicitar Passaporte,Viagens e Turismo,2026-04-19,12,Concluído,3.8,False
813,816.750.234-17,passaporte,Solicitar Passaporte,Viagens e Turismo,2026-05-31,18,Concluído,1.7,False
814,536.784.290-92,entregar-imposto-renda,Entregar Imposto de Renda,Finanças e Impostos,2026-09-09,1,Concluído,3.2,False
815,536.784.290-92,carteira-trabalho,Carteira de Trabalho Digital,Trabalho e Previdência,2026-08-11,4,Concluído,4.3,True
816,536.784.290-92,consultar-imposto-renda,Consultar Imposto de Renda,Finanças e Impostos,2025-09-28,1,Concluído,4.8,False
817,724.309.581-04,cnh-digital,CNH Digital e Segunda Via,Trânsito,2026-06-17,10,Em andamento,4.8,False
818,274.385.609-29,passaporte,Solicitar Passaporte,Viagens e Turismo,2026-07-07,5,Em andamento,3.9,False
819,240.987.561-02,consultar-restituicao,Consultar Restituição,Finanças e Impostos,2025-12-22,1,Concluído,5.0,False
820,240.987.561-02,cnh-digital,CNH Digital e Segunda Via,Trânsito,2025-12-14,13,Concluído,3.8,False
821,240.987.561-02,assinatura-eletronica,Assinatura Eletrônica,Identidade Digital,2026-03-17,1,Concluído,4.7,False
822,832.915.647-82,consultar-restituicao,Consultar Restituição,Finanças e Impostos,2026-06-22,1,Concluído,4.2,False
823,832.915.647-82,passaporte,Solicitar Passaporte,Viagens e Turismo,2026-04-10,11,Concluído,3.3,False
824,832.915.647-82,carteira-trabalho,Carteira de Trabalho Digital,Trabalho e Previdência,2026-02-15,9,Concluído,4.2,False
825,621.753.489-46,consultar-imposto-renda,Consultar Imposto de Renda,Finanças e Impostos,2026-06-17,2,Concluído,5.0,False
826,621.753.489-46,carteira-trabalho,Carteira de Trabalho Digital,Trabalho e Previdência,2026-07-29,4,Concluído,3.6,False
827,621.753.489-46,entregar-imposto-renda,Entregar Imposto de Renda,Finanças e Impostos,2026-06-09,2,Concluído,4.5,False
828,073.542.861-17,cnh-digital,CNH Digital e Segunda Via,Trânsito,2026-07-26,12,Concluído,2.4,True
829,073.542.861-17,entregar-imposto-renda,Entregar Imposto de Renda,Finanças e Impostos,2026-08-27,1,Concluído,4.1,False
830,073.542.861-17,consultar-imposto-renda,Consultar Imposto de Renda,Finanças e Impostos,2026-09-12,1,Concluído,4.5,False
831,781.460.935-66,entregar-imposto-renda,Entregar Imposto de Renda,Finanças e Impostos,2026-01-18,4,Concluído,3.7,False
832,756.298.103-59,assinatura-eletronica,Assinatura Eletrônica,Identidade Digital,2025-10-22,2,Concluído,4.3,False
833,756.298.103-59,carteira-trabalho,Carteira de Trabalho Digital,Trabalho e Previdência,2026-04-26,1,Concluído,3.4,False
834,756.298.103-59,entregar-imposto-renda,Entregar Imposto de Renda,Finanças e Impostos,2026-06-26,3,Concluído,4.0,False
835,904.381.572-14,consultar-imposto-renda,Consultar Imposto de Renda,Finanças e Impostos,2025-12-11,1,Concluído,4.7,False
836,524.691.308-24,carteira-trabalho,Carteira de Trabalho Digital,Trabalho e Previdência,2026-08-09,3,Concluído,4.8,True
837,524.691.308-24,consultar-imposto-renda,Consultar Imposto de Renda,Finanças e Impostos,2026-08-31,1,Concluído,4.5,False
838,524.691.308-24,passaporte,Solicitar Passaporte,Viagens e Turismo,2026-08-18,17,Concluído,4.1,False
839,723.458.061-17,carteira-trabalho,Carteira de Trabalho Digital,Trabalho e Previdência,2026-06-05,4,Concluído,2.7,False
840,723.458.061-17,entregar-imposto-renda,Entregar Imposto de Renda,Finanças e Impostos,2026-01-19,2,Concluído,3.8,False
841,723.458.061-17,passaporte,Solicitar Passaporte,Viagens e Turismo,2025-09-22,6,Concluído,3.9,False
842,723.458.061-17,cnh-digital,CNH Digital e Segunda Via,Trânsito,2025-09-16,8,Em andamento,3.0,False
843,674.183.092-87,entregar-imposto-renda,Entregar Imposto de Renda,Finanças e Impostos,2025-09-21,4,Concluído,3.6,False
844,674.183.092-87,consultar-restituicao,Consultar Restituição,Finanças e Impostos,2026-04-01,1,Concluído,4.5,False
845,674.183.092-87,consultar-imposto-renda,Consultar Imposto de Renda,Finanças e Impostos,2026-03-19,1,Concluído,4.5,False
846,491.258.370-79,carteira-trabalho,Carteira de Trabalho Digital,Trabalho e Previdência,2025-12-28,9,Em andamento,4.3,False
847,491.258.370-79,cnh-digital,CNH Digital e Segunda Via,Trânsito,2026-04-13,4,Concluído,3.6,False
848,491.258.370-79,consultar-imposto-renda,Consultar Imposto de Renda,Finanças e Impostos,2025-12-08,2,Concluído,4.9,False
849,061.493.257-25,cnh-digital,CNH Digital e Segunda Via,Trânsito,2025-11-16,1,Concluído,4.4,False
850,061.493.257-25,passaporte,Solicitar Passaporte,Viagens e Turismo,2025-09-24,13,Concluído,4.7,False
851,126.574.908-67,assinatura-eletronica,Assinatura Eletrônica,Identidade Digital,2026-04-01,1,Concluído,4.2,False
852,126.574.908-67,carteira-trabalho,Carteira de Trabalho Digital,Trabalho e Previdência,2026-02-19,6,Atrasado,3.7,False
853,126.574.908-67,passaporte,Solicitar Passaporte,Viagens e Turismo,2026-01-04,11,Concluído,3.6,False
854,126.574.908-67,consultar-restituicao,Consultar Restituição,Finanças e Impostos,2026-07-05,2,Concluído,3.7,False
855,140.362.798-31,cnh-digital,CNH Digital e Segunda Via,Trânsito,2026-07-01,6,Concluído,3.1,False
856,863.450.721-17,consultar-imposto-renda,Consultar Imposto de Renda,Finanças e Impostos,2025-11-27,1,Concluído,3.4,False
857,863.450.721-17,cnh-digital,CNH Digital e Segunda Via,Trânsito,2026-02-04,6,Atrasado,2.4,False
858,863.450.721-17,entregar-imposto-renda,Entregar Imposto de Renda,Finanças e Impostos,2025-12-27,2,Concluído,4.1,False
859,863.450.721-17,carteira-trabalho,Carteira de Trabalho Digital,Trabalho e Previdência,2026-03-09,10,Concluído,2.7,False
860,096.217.348-78,assinatura-eletronica,Assinatura Eletrônica,Identidade Digital,2026-05-17,1,Concluído,4.9,False
861,096.217.348-78,entregar-imposto-renda,Entregar Imposto de Renda,Finanças e Impostos,2025-09-15,2,Concluído,4.3,False
862,096.217.348-78,cnh-digital,CNH Digital e Segunda Via,Trânsito,2025-10-10,9,Concluído,4.0,False
863,715.296.304-52,cnh-digital,CNH Digital e Segunda Via,Trânsito,2026-04-20,14,Concluído,3.7,True
864,715.296.304-52,consultar-restituicao,Consultar Restituição,Finanças e Impostos,2026-09-06,2,Concluído,5.0,False
865,715.296.304-52,consultar-imposto-renda,Consultar Imposto de Renda,Finanças e Impostos,2026-07-07,2,Concluído,4.7,False
866,615.309.872-02,cnh-digital,CNH Digital e Segunda Via,Trânsito,2025-10-30,10,Concluído,4.3,False
867,615.309.872-02,passaporte,Solicitar Passaporte,Viagens e Turismo,2026-03-17,13,Concluído,4.4,False
868,615.309.872-02,carteira-trabalho,Carteira de Trabalho Digital,Trabalho e Previdência,2026-01-02,6,Concluído,3.2,False
869,615.309.872-02,consultar-restituicao,Consultar Restituição,Finanças e Impostos,2025-12-09,1,Concluído,4.4,False
870,478.062.513-08,passaporte,Solicitar Passaporte,Viagens e Turismo,2025-09-26,20,Concluído,4.3,False
871,478.062.513-08,entregar-imposto-renda,Entregar Imposto de Renda,Finanças e Impostos,2026-04-24,2,Em andamento,4.0,False
872,478.062.513-08,assinatura-eletronica,Assinatura Eletrônica,Identidade Digital,2026-01-16,1,Concluído,4.0,False
873,478.062.513-08,consultar-restituicao,Consultar Restituição,Finanças e Impostos,2025-09-29,1,Concluído,3.7,False
874,270.348.195-05,entregar-imposto-renda,Entregar Imposto de Renda,Finanças e Impostos,2025-12-15,3,Concluído,3.2,False
875,731.698.245-46,carteira-trabalho,Carteira de Trabalho Digital,Trabalho e Previdência,2026-03-18,9,Concluído,3.3,True
876,731.698.245-46,passaporte,Solicitar Passaporte,Viagens e Turismo,2025-11-13,12,Concluído,2.8,False
877,731.698.245-46,entregar-imposto-renda,Entregar Imposto de Renda,Finanças e Impostos,2026-08-14,1,Concluído,3.3,False
878,731.698.245-46,consultar-restituicao,Consultar Restituição,Finanças e Impostos,2025-10-13,3,Concluído,4.4,False
879,426.158.730-08,consultar-restituicao,Consultar Restituição,Finanças e Impostos,2025-12-30,2,Concluído,5.0,False
880,426.158.730-08,assinatura-eletronica,Assinatura Eletrônica,Identidade Digital,2025-11-03,1,Concluído,5.0,False
881,426.158.730-08,consultar-imposto-renda,Consultar Imposto de Renda,Finanças e Impostos,2026-07-19,1,Concluído,3.5,False
882,214.356.809-60,entregar-imposto-renda,Entregar Imposto de Renda,Finanças e Impostos,2026-01-09,4,Concluído,4.6,False
883,214.356.809-60,consultar-imposto-renda,Consultar Imposto de Renda,Finanças e Impostos,2026-08-02,2,Concluído,4.1,False
884,214.356.809-60,cnh-digital,CNH Digital e Segunda Via,Trânsito,2026-01-04,8,Concluído,3.1,False
885,214.356.809-60,passaporte,Solicitar Passaporte,Viagens e Turismo,2025-10-23,15,Em andamento,4.5,False
886,714.230.896-69,cnh-digital,CNH Digital e Segunda Via,Trânsito,2026-06-21,4,Concluído,3.9,False
887,714.230.896-69,assinatura-eletronica,Assinatura Eletrônica,Identidade Digital,2025-12-16,1,Concluído,5.0,False
888,714.230.896-69,passaporte,Solicitar Passaporte,Viagens e Turismo,2026-05-03,19,Concluído,4.8,False
889,127.395.064-06,consultar-restituicao,Consultar Restituição,Finanças e Impostos,2026-07-27,2,Concluído,4.1,False
890,127.395.064-06,passaporte,Solicitar Passaporte,Viagens e Turismo,2026-02-05,6,Concluído,3.2,False
891,127.395.064-06,entregar-imposto-renda,Entregar Imposto de Renda,Finanças e Impostos,2026-04-29,3,Concluído,4.2,False
892,127.395.064-06,assinatura-eletronica,Assinatura Eletrônica,Identidade Digital,2026-02-26,1,Concluído,4.8,False
893,290.347.561-06,carteira-trabalho,Carteira de Trabalho Digital,Trabalho e Previdência,2025-10-03,4,Concluído,3.2,False
894,290.347.561-06,entregar-imposto-renda,Entregar Imposto de Renda,Finanças e Impostos,2026-08-11,4,Concluído,3.9,False
895,639.108.457-20,entregar-imposto-renda,Entregar Imposto de Renda,Finanças e Impostos,2026-06-08,5,Concluído,4.1,False
896,639.108.457-20,consultar-imposto-renda,Consultar Imposto de Renda,Finanças e Impostos,2025-11-14,1,Atrasado,3.4,False
897,639.108.457-20,cnh-digital,CNH Digital e Segunda Via,Trânsito,2025-09-17,10,Concluído,3.6,False
898,639.108.457-20,carteira-trabalho,Carteira de Trabalho Digital,Trabalho e Previdência,2025-10-18,1,Atrasado,3.0,False
899,543.210.897-60,passaporte,Solicitar Passaporte,Viagens e Turismo,2026-02-08,9,Em andamento,3.0,False
900,543.210.897-60,assinatura-eletronica,Assinatura Eletrônica,Identidade Digital,2026-08-08,1,Concluído,4.8,False
901,543.210.897-60,consultar-restituicao,Consultar Restituição,Finanças e Impostos,2026-08-15,1,Concluído,5.0,False
902,543.210.897-60,entregar-imposto-renda,Entregar Imposto de Renda,Finanças e Impostos,2026-08-10,1,Concluído,4.0,False
903,923.074.561-80,passaporte,Solicitar Passaporte,Viagens e Turismo,2026-07-21,18,Concluído,4.6,False
904,923.074.561-80,consultar-restituicao,Consultar Restituição,Finanças e Impostos,2025-10-20,2,Concluído,4.9,False
905,206.873.519-95,assinatura-eletronica,Assinatura Eletrônica,Identidade Digital,2026-08-09,1,Concluído,4.4,False
906,254.180.769-49,consultar-imposto-renda,Consultar Imposto de Renda,Finanças e Impostos,2025-10-09,1,Concluído,4.5,False
907,254.180.769-49,passaporte,Solicitar Passaporte,Viagens e Turismo,2026-02-26,6,Em andamento,3.5,False
908,254.180.769-49,assinatura-eletronica,Assinatura Eletrônica,Identidade Digital,2026-02-03,1,Concluído,5.0,False
909,254.180.769-49,carteira-trabalho,Carteira de Trabalho Digital,Trabalho e Previdência,2026-08-10,5,Atrasado,3.6,False
910,701.352.894-32,entregar-imposto-renda,Entregar Imposto de Renda,Finanças e Impostos,2026-02-21,8,Concluído,4.6,False
911,701.352.894-32,passaporte,Solicitar Passaporte,Viagens e Turismo,2026-03-11,1,Concluído,3.5,False
912,701.352.894-32,cnh-digital,CNH Digital e Segunda Via,Trânsito,2026-01-22,8,Concluído,3.2,False
913,085.963.217-21,passaporte,Solicitar Passaporte,Viagens e Turismo,2026-07-22,9,Concluído,3.4,False
914,085.963.217-21,consultar-imposto-renda,Consultar Imposto de Renda,Finanças e Impostos,2025-10-26,1,Concluído,4.4,False
915,085.963.217-21,entregar-imposto-renda,Entregar Imposto de Renda,Finanças e Impostos,2026-09-02,3,Concluído,3.1,False
916,085.963.217-21,consultar-restituicao,Consultar Restituição,Finanças e Impostos,2026-08-13,1,Concluído,3.7,False
917,817.549.632-00,assinatura-eletronica,Assinatura Eletrônica,Identidade Digital,2026-03-26,1,Concluído,4.4,False
918,817.549.632-00,cnh-digital,CNH Digital e Segunda Via,Trânsito,2025-10-15,6,Concluído,3.1,False
919,817.549.632-00,entregar-imposto-renda,Entregar Imposto de Renda,Finanças e Impostos,2026-06-30,3,Concluído,3.5,False
920,817.549.632-00,passaporte,Solicitar Passaporte,Viagens e Turismo,2026-07-04,11,Atrasado,3.8,False
921,174.382.069-04,passaporte,Solicitar Passaporte,Viagens e Turismo,2026-07-10,19,Atrasado,3.9,False
922,174.382.069-04,cnh-digital,CNH Digital e Segunda Via,Trânsito,2026-07-27,6,Concluído,3.8,False
923,279.614.058-01,assinatura-eletronica,Assinatura Eletrônica,Identidade Digital,2026-01-03,1,Concluído,4.1,False
924,035.842.716-90,consultar-restituicao,Consultar Restituição,Finanças e Impostos,2025-10-02,1,Concluído,4.7,False
925,035.842.716-90,entregar-imposto-renda,Entregar Imposto de Renda,Finanças e Impostos,2025-12-09,5,Concluído,4.8,False
926,254.317.896-19,carteira-trabalho,Carteira de Trabalho Digital,Trabalho e Previdência,2026-06-18,4,Concluído,3.9,False
927,274.915.068-01,carteira-trabalho,Carteira de Trabalho Digital,Trabalho e Previdência,2026-05-13,6,Concluído,3.5,False
928,274.915.068-01,consultar-imposto-renda,Consultar Imposto de Renda,Finanças e Impostos,2025-11-05,1,Concluído,4.5,False
929,274.915.068-01,consultar-restituicao,Consultar Restituição,Finanças e Impostos,2026-08-04,2,Concluído,4.5,False
930,275.104.936-25,consultar-restituicao,Consultar Restituição,Finanças e Impostos,2025-09-25,1,Concluído,4.7,False
931,275.104.936-25,passaporte,Solicitar Passaporte,Viagens e Turismo,2026-01-27,1,Concluído,4.5,False
932,275.104.936-25,cnh-digital,CNH Digital e Segunda Via,Trânsito,2026-08-26,3,Concluído,3.2,True
933,702.548.961-11,entregar-imposto-renda,Entregar Imposto de Renda,Finanças e Impostos,2025-12-03,3,Concluído,4.2,False
934,702.548.961-11,consultar-restituicao,Consultar Restituição,Finanças e Impostos,2026-07-28,1,Em andamento,3.7,False
935,702.548.961-11,assinatura-eletronica,Assinatura Eletrônica,Identidade Digital,2026-01-20,1,Concluído,3.7,False
936,301.498.567-84,assinatura-eletronica,Assinatura Eletrônica,Identidade Digital,2025-09-29,2,Concluído,3.5,False
937,301.498.567-84,consultar-imposto-renda,Consultar Imposto de Renda,Finanças e Impostos,2026-06-25,1,Concluído,4.1,False
938,471.853.962-55,consultar-imposto-renda,Consultar Imposto de Renda,Finanças e Impostos,2026-03-27,1,Concluído,3.5,False
939,471.853.962-55,consultar-restituicao,Consultar Restituição,Finanças e Impostos,2026-07-23,1,Concluído,3.1,False
940,471.853.962-55,entregar-imposto-renda,Entregar Imposto de Renda,Finanças e Impostos,2026-08-31,2,Atrasado,3.9,False
941,785.043.691-10,consultar-restituicao,Consultar Restituição,Finanças e Impostos,2026-05-20,1,Concluído,4.0,False
942,785.043.691-10,consultar-imposto-renda,Consultar Imposto de Renda,Finanças e Impostos,2026-02-15,2,Concluído,3.9,False
943,785.043.691-10,entregar-imposto-renda,Entregar Imposto de Renda,Finanças e Impostos,2026-01-16,3,Concluído,3.8,False
944,487.029.513-04,carteira-trabalho,Carteira de Trabalho Digital,Trabalho e Previdência,2026-06-15,4,Concluído,3.8,False
945,487.029.513-04,consultar-restituicao,Consultar Restituição,Finanças e Impostos,2026-04-29,1,Concluído,4.8,False
946,462.351.089-15,entregar-imposto-renda,Entregar Imposto de Renda,Finanças e Impostos,2026-07-07,4,Concluído,4.3,False
947,715.496.083-39,consultar-imposto-renda,Consultar Imposto de Renda,Finanças e Impostos,2026-06-26,1,Concluído,3.5,False
948,715.496.083-39,entregar-imposto-renda,Entregar Imposto de Renda,Finanças e Impostos,2026-06-19,1,Concluído,3.5,False
949,715.496.083-39,carteira-trabalho,Carteira de Trabalho Digital,Trabalho e Previdência,2026-02-16,7,Atrasado,3.1,False
950,650.294.783-29,assinatura-eletronica,Assinatura Eletrônica,Identidade Digital,2026-05-11,1,Concluído,5.0,False
951,650.294.783-29,passaporte,Solicitar Passaporte,Viagens e Turismo,2025-11-16,23,Em andamento,3.4,False
952,650.294.783-29,consultar-restituicao,Consultar Restituição,Finanças e Impostos,2026-08-23,2,Concluído,4.7,False
953,852.014.793-32,consultar-restituicao,Consultar Restituição,Finanças e Impostos,2025-12-17,1,Concluído,5.0,False
954,981.360.452-24,consultar-restituicao,Consultar Restituição,Finanças e Impostos,2026-01-04,1,Concluído,5.0,False
955,132.659.480-05,consultar-imposto-renda,Consultar Imposto de Renda,Finanças e Impostos,2026-05-15,1,Concluído,4.1,False
956,132.659.480-05,cnh-digital,CNH Digital e Segunda Via,Trânsito,2026-04-11,10,Concluído,4.3,False
957,132.659.480-05,entregar-imposto-renda,Entregar Imposto de Renda,Finanças e Impostos,2026-01-25,2,Concluído,4.0,False
958,132.659.480-05,carteira-trabalho,Carteira de Trabalho Digital,Trabalho e Previdência,2026-06-12,6,Concluído,3.0,False
959,310.654.789-84,consultar-restituicao,Consultar Restituição,Finanças e Impostos,2025-09-26,1,Concluído,4.6,False
960,325.061.894-24,passaporte,Solicitar Passaporte,Viagens e Turismo,2025-11-24,15,Concluído,2.8,False
961,325.061.894-24,carteira-trabalho,Carteira de Trabalho Digital,Trabalho e Previdência,2026-03-27,5,Atrasado,3.4,False
962,325.061.894-24,cnh-digital,CNH Digital e Segunda Via,Trânsito,2026-07-20,5,Concluído,4.2,False
963,394.170.586-57,carteira-trabalho,Carteira de Trabalho Digital,Trabalho e Previdência,2025-09-16,5,Concluído,3.3,False
964,361.820.945-24,passaporte,Solicitar Passaporte,Viagens e Turismo,2026-04-03,9,Concluído,4.2,False
965,361.820.945-24,carteira-trabalho,Carteira de Trabalho Digital,Trabalho e Previdência,2026-04-26,7,Concluído,3.8,False
966,361.820.945-24,consultar-imposto-renda,Consultar Imposto de Renda,Finanças e Impostos,2026-07-14,1,Concluído,4.4,False
967,361.820.945-24,cnh-digital,CNH Digital e Segunda Via,Trânsito,2026-04-18,5,Concluído,3.9,False
968,749.183.260-13,consultar-imposto-renda,Consultar Imposto de Renda,Finanças e Impostos,2026-01-23,2,Concluído,4.6,False
969,781.093.426-04,assinatura-eletronica,Assinatura Eletrônica,Identidade Digital,2026-06-22,1,Concluído,5.0,False
970,748.653.219-00,carteira-trabalho,Carteira de Trabalho Digital,Trabalho e Previdência,2026-09-03,3,Concluído,5.0,True
971,748.653.219-00,passaporte,Solicitar Passaporte,Viagens e Turismo,2026-03-21,4,Concluído,4.3,False
972,201.586.394-05,assinatura-eletronica,Assinatura Eletrônica,Identidade Digital,2026-05-19,2,Concluído,4.0,False
973,201.586.394-05,cnh-digital,CNH Digital e Segunda Via,Trânsito,2025-11-22,5,Concluído,4.4,False
974,879.123.456-55,consultar-restituicao,Consultar Restituição,Finanças e Impostos,2026-04-11,1,Concluído,4.9,False
975,879.123.456-55,entregar-imposto-renda,Entregar Imposto de Renda,Finanças e Impostos,2026-04-20,3,Concluído,3.7,False
976,879.123.456-55,carteira-trabalho,Carteira de Trabalho Digital,Trabalho e Previdência,2026-01-24,8,Concluído,3.4,False
977,879.123.456-55,consultar-imposto-renda,Consultar Imposto de Renda,Finanças e Impostos,2026-06-13,3,Concluído,4.1,False
978,567.309.128-12,consultar-imposto-renda,Consultar Imposto de Renda,Finanças e Impostos,2026-07-17,2,Concluído,4.4,False
979,567.309.128-12,cnh-digital,CNH Digital e Segunda Via,Trânsito,2026-05-04,6,Concluído,4.0,False
980,897.341.052-05,consultar-imposto-renda,Consultar Imposto de Renda,Finanças e Impostos,2025-12-12,2,Concluído,4.2,False
981,897.341.052-05,entregar-imposto-renda,Entregar Imposto de Renda,Finanças e Impostos,2026-09-02,1,Concluído,4.3,False
982,897.341.052-05,consultar-restituicao,Consultar Restituição,Finanças e Impostos,2026-01-23,1,Em andamento,4.3,False
983,590.682.371-95,passaporte,Solicitar Passaporte,Viagens e Turismo,2026-01-15,23,Atrasado,2.8,False
984,590.682.371-95,cnh-digital,CNH Digital e Segunda Via,Trânsito,2025-10-08,11,Em andamento,4.3,False
985,590.682.371-95,entregar-imposto-renda,Entregar Imposto de Renda,Finanças e Impostos,2026-01-12,4,Concluído,3.7,False
986,520.487.391-05,assinatura-eletronica,Assinatura Eletrônica,Identidade Digital,2026-05-25,1,Concluído,4.7,False
987,520.487.391-05,consultar-restituicao,Consultar Restituição,Finanças e Impostos,2025-10-21,1,Concluído,5.0,False
988,520.487.391-05,carteira-trabalho,Carteira de Trabalho Digital,Trabalho e Previdência,2026-04-25,5,Atrasado,3.8,False
989,651.930.782-30,consultar-imposto-renda,Consultar Imposto de Renda,Finanças e Impostos,2025-10-08,1,Concluído,4.6,False
990,651.930.782-30,consultar-restituicao,Consultar Restituição,Finanças e Impostos,2026-03-09,1,Concluído,4.6,False
991,651.930.782-30,entregar-imposto-renda,Entregar Imposto de Renda,Finanças e Impostos,2026-04-10,6,Concluído,3.7,False
992,651.930.782-30,assinatura-eletronica,Assinatura Eletrônica,Identidade Digital,2026-01-30,1,Concluído,4.0,False
993,834.206.957-56,cnh-digital,CNH Digital e Segunda Via,Trânsito,2026-02-09,7,Atrasado,3.1,True
994,834.206.957-56,passaporte,Solicitar Passaporte,Viagens e Turismo,2026-04-12,1,Em andamento,4.0,False
995,148.357.209-97,assinatura-eletronica,Assinatura Eletrônica,Identidade Digital,2026-02-14,1,Concluído,5.0,False
996,148.357.209-97,cnh-digital,CNH Digital e Segunda Via,Trânsito,2026-07-06,10,Concluído,4.8,False
997,148.357.209-97,consultar-restituicao,Consultar Restituição,Finanças e Impostos,2026-04-13,1,Concluído,4.1,False
998,148.357.209-97,entregar-imposto-renda,Entregar Imposto de Renda,Finanças e Impostos,2026-01-20,3,Concluído,4.9,False
999,827.153.946-91,passaporte,Solicitar Passaporte,Viagens e Turismo,2026-07-13,6,Concluído,2.8,False
1000,827.153.946-91,cnh-digital,CNH Digital e Segunda Via,Trânsito,2026-01-06,12,Concluído,3.2,False
1001,827.153.946-91,consultar-restituicao,Consultar Restituição,Finanças e Impostos,2026-01-05,1,Concluído,4.5,False
1002,513.672.490-07,carteira-trabalho,Carteira de Trabalho Digital,Trabalho e Previdência,2025-09-24,6,Concluído,3.1,True
1003,513.672.490-07,consultar-restituicao,Consultar Restituição,Finanças e Impostos,2026-05-05,1,Concluído,4.7,False
1004,513.672.490-07,entregar-imposto-renda,Entregar Imposto de Renda,Finanças e Impostos,2025-09-25,4,Concluído,4.2,False
1005,513.672.490-07,passaporte,Solicitar Passaporte,Viagens e Turismo,2026-02-12,3,Concluído,2.7,False
1006,786.350.149-01,carteira-trabalho,Carteira de Trabalho Digital,Trabalho e Previdência,2025-12-25,6,Concluído,4.4,False
1007,786.350.149-01,passaporte,Solicitar Passaporte,Viagens e Turismo,2026-06-21,2,Atrasado,3.5,False
1008,786.350.149-01,assinatura-eletronica,Assinatura Eletrônica,Identidade Digital,2026-04-13,1,Concluído,5.0,False
1009,015.429.386-51,cnh-digital,CNH Digital e Segunda Via,Trânsito,2026-07-06,4,Concluído,3.6,False
1010,015.429.386-51,consultar-imposto-renda,Consultar Imposto de Renda,Finanças e Impostos,2026-06-23,1,Concluído,4.5,False
1011,015.429.386-51,assinatura-eletronica,Assinatura Eletrônica,Identidade Digital,2026-06-10,1,Concluído,3.9,False
1012,158.643.970-75,consultar-restituicao,Consultar Restituição,Finanças e Impostos,2026-01-22,1,Concluído,4.3,False
1013,156.389.204-98,consultar-restituicao,Consultar Restituição,Finanças e Impostos,2026-03-20,1,Concluído,5.0,False
1014,864.592.073-56,consultar-imposto-renda,Consultar Imposto de Renda,Finanças e Impostos,2026-08-31,1,Concluído,4.0,False
1015,864.592.073-56,passaporte,Solicitar Passaporte,Viagens e Turismo,2025-09-24,14,Concluído,4.1,False
1016,864.592.073-56,entregar-imposto-renda,Entregar Imposto de Renda,Finanças e Impostos,2026-07-10,5,Concluído,3.8,False
1017,756.902.814-76,assinatura-eletronica,Assinatura Eletrônica,Identidade Digital,2026-09-05,1,Concluído,3.6,False
1018,985.370.426-92,assinatura-eletronica,Assinatura Eletrônica,Identidade Digital,2025-10-12,1,Concluído,4.6,False
1019,192.846.357-64,assinatura-eletronica,Assinatura Eletrônica,Identidade Digital,2025-10-08,1,Concluído,4.6,False
1020,192.846.357-64,cnh-digital,CNH Digital e Segunda Via,Trânsito,2025-11-10,10,Concluído,4.9,False
1021,192.846.357-64,entregar-imposto-renda,Entregar Imposto de Renda,Finanças e Impostos,2026-07-30,5,Concluído,4.7,False
1022,630.745.198-00,entregar-imposto-renda,Entregar Imposto de Renda,Finanças e Impostos,2025-11-05,3,Concluído,4.7,False
1023,630.745.198-00,consultar-imposto-renda,Consultar Imposto de Renda,Finanças e Impostos,2025-11-22,1,Concluído,3.6,False
1024,630.745.198-00,carteira-trabalho,Carteira de Trabalho Digital,Trabalho e Previdência,2026-04-23,7,Concluído,4.5,False
1025,152.408.397-60,carteira-trabalho,Carteira de Trabalho Digital,Trabalho e Previdência,2026-01-14,3,Concluído,4.2,False
1026,152.408.397-60,passaporte,Solicitar Passaporte,Viagens e Turismo,2026-06-14,20,Concluído,2.3,False
1027,394.561.807-00,consultar-restituicao,Consultar Restituição,Finanças e Impostos,2026-04-07,1,Concluído,4.7,False
1028,394.561.807-00,assinatura-eletronica,Assinatura Eletrônica,Identidade Digital,2026-03-14,1,Concluído,3.9,False
1029,256.813.497-64,consultar-restituicao,Consultar Restituição,Finanças e Impostos,2026-04-22,1,Concluído,4.8,False
1030,256.813.497-64,assinatura-eletronica,Assinatura Eletrônica,Identidade Digital,2026-01-30,1,Em andamento,5.0,False
1031,256.813.497-64,cnh-digital,CNH Digital e Segunda Via,Trânsito,2026-08-10,13,Em andamento,3.0,True
1032,908.245.316-98,passaporte,Solicitar Passaporte,Viagens e Turismo,2025-12-21,11,Concluído,3.6,False
1033,908.245.316-98,assinatura-eletronica,Assinatura Eletrônica,Identidade Digital,2026-02-21,1,Concluído,3.0,False
1034,908.245.316-98,consultar-restituicao,Consultar Restituição,Finanças e Impostos,2026-06-20,3,Concluído,5.0,False
1035,908.245.316-98,carteira-trabalho,Carteira de Trabalho Digital,Trabalho e Previdência,2025-11-14,6,Concluído,3.1,False
1036,721.854.309-04,entregar-imposto-renda,Entregar Imposto de Renda,Finanças e Impostos,2025-10-20,4,Concluído,3.7,False
1037,721.854.309-04,passaporte,Solicitar Passaporte,Viagens e Turismo,2026-02-19,18,Concluído,3.7,False
1038,721.854.309-04,carteira-trabalho,Carteira de Trabalho Digital,Trabalho e Previdência,2026-01-25,6,Concluído,3.9,False
1039,721.854.309-04,cnh-digital,CNH Digital e Segunda Via,Trânsito,2026-07-08,14,Em andamento,3.9,True
1040,945.312.607-16,consultar-restituicao,Consultar Restituição,Finanças e Impostos,2025-10-02,1,Concluído,5.0,False
1041,945.312.607-16,carteira-trabalho,Carteira de Trabalho Digital,Trabalho e Previdência,2026-08-06,3,Concluído,3.0,False
1042,761.308.249-04,passaporte,Solicitar Passaporte,Viagens e Turismo,2025-12-30,12,Em andamento,4.3,False
1043,761.308.249-04,consultar-restituicao,Consultar Restituição,Finanças e Impostos,2026-08-29,3,Concluído,4.4,False
1044,761.308.249-04,cnh-digital,CNH Digital e Segunda Via,Trânsito,2026-01-27,7,Concluído,4.2,True
1045,284.756.190-02,passaporte,Solicitar Passaporte,Viagens e Turismo,2026-02-06,18,Concluído,4.5,False
1046,284.756.190-02,consultar-imposto-renda,Consultar Imposto de Renda,Finanças e Impostos,2026-07-20,1,Concluído,4.0,False
1047,284.756.190-02,consultar-restituicao,Consultar Restituição,Finanças e Impostos,2025-12-12,1,Concluído,4.2,False
1048,041.328.976-13,consultar-restituicao,Consultar Restituição,Finanças e Impostos,2026-05-03,1,Concluído,4.6,False
1049,975.864.102-67,cnh-digital,CNH Digital e Segunda Via,Trânsito,2026-08-14,9,Em andamento,3.7,False
1050,975.864.102-67,entregar-imposto-renda,Entregar Imposto de Renda,Finanças e Impostos,2026-09-01,3,Concluído,3.1,False
1051,975.864.102-67,passaporte,Solicitar Passaporte,Viagens e Turismo,2026-02-07,9,Concluído,4.3,False
1052,236.071.489-96,consultar-imposto-renda,Consultar Imposto de Renda,Finanças e Impostos,2025-10-18,1,Concluído,4.5,False
1053,236.071.489-96,cnh-digital,CNH Digital e Segunda Via,Trânsito,2026-04-11,10,Concluído,3.9,True
1054,837.965.241-09,carteira-trabalho,Carteira de Trabalho Digital,Trabalho e Previdência,2026-09-04,4,Em andamento,2.8,False
1055,837.965.241-09,cnh-digital,CNH Digital e Segunda Via,Trânsito,2025-11-25,12,Concluído,4.1,False
1056,837.965.241-09,consultar-restituicao,Consultar Restituição,Finanças e Impostos,2026-01-03,1,Concluído,4.5,False
1057,837.965.241-09,entregar-imposto-renda,Entregar Imposto de Renda,Finanças e Impostos,2025-11-04,2,Concluído,5.0,False
1058,573.961.820-77,cnh-digital,CNH Digital e Segunda Via,Trânsito,2025-12-14,9,Concluído,4.2,False
1059,901.846.375-20,carteira-trabalho,Carteira de Trabalho Digital,Trabalho e Previdência,2026-07-29,4,Concluído,2.8,False
1060,901.846.375-20,passaporte,Solicitar Passaporte,Viagens e Turismo,2025-11-28,14,Concluído,3.2,False
1061,260.739.451-16,passaporte,Solicitar Passaporte,Viagens e Turismo,2026-04-13,8,Concluído,3.8,False
1062,416.905.372-99,consultar-imposto-renda,Consultar Imposto de Renda,Finanças e Impostos,2026-05-09,1,Concluído,3.8,False
1063,416.905.372-99,consultar-restituicao,Consultar Restituição,Finanças e Impostos,2026-06-14,2,Concluído,3.9,False
1064,416.905.372-99,passaporte,Solicitar Passaporte,Viagens e Turismo,2026-06-11,9,Atrasado,3.6,False
1065,203.861.574-80,entregar-imposto-renda,Entregar Imposto de Renda,Finanças e Impostos,2025-11-29,3,Concluído,3.7,False
1066,203.861.574-80,passaporte,Solicitar Passaporte,Viagens e Turismo,2026-01-21,14,Concluído,4.1,False
1067,203.861.574-80,carteira-trabalho,Carteira de Trabalho Digital,Trabalho e Previdência,2026-04-14,6,Atrasado,3.1,False
1068,203.861.574-80,consultar-restituicao,Consultar Restituição,Finanças e Impostos,2026-02-15,1,Concluído,5.0,False
1069,760.915.342-70,consultar-restituicao,Consultar Restituição,Finanças e Impostos,2026-07-18,1,Concluído,4.6,False
1070,760.915.342-70,consultar-imposto-renda,Consultar Imposto de Renda,Finanças e Impostos,2026-04-09,1,Concluído,4.5,False
1071,168.734.209-13,consultar-imposto-renda,Consultar Imposto de Renda,Finanças e Impostos,2026-06-25,1,Concluído,4.4,False
1072,146.307.298-87,passaporte,Solicitar Passaporte,Viagens e Turismo,2025-10-20,20,Concluído,2.6,False
1073,146.307.298-87,carteira-trabalho,Carteira de Trabalho Digital,Trabalho e Previdência,2026-09-04,10,Concluído,4.0,False
1074,146.307.298-87,consultar-imposto-renda,Consultar Imposto de Renda,Finanças e Impostos,2026-08-13,2,Concluído,3.9,False
1075,957.123.486-91,consultar-restituicao,Consultar Restituição,Finanças e Impostos,2026-07-05,1,Concluído,5.0,False
1076,271.635.904-07,carteira-trabalho,Carteira de Trabalho Digital,Trabalho e Previdência,2025-10-09,8,Em andamento,2.3,False
1077,139.478.256-09,carteira-trabalho,Carteira de Trabalho Digital,Trabalho e Previdência,2026-04-07,3,Concluído,4.3,False
1078,139.478.256-09,assinatura-eletronica,Assinatura Eletrônica,Identidade Digital,2026-05-17,2,Concluído,4.4,False
1079,190.478.536-01,entregar-imposto-renda,Entregar Imposto de Renda,Finanças e Impostos,2026-02-17,3,Concluído,4.7,False
1080,190.478.536-01,consultar-restituicao,Consultar Restituição,Finanças e Impostos,2026-03-07,1,Concluído,4.2,False
1081,760.132.459-16,passaporte,Solicitar Passaporte,Viagens e Turismo,2026-03-13,7,Concluído,3.9,False
1082,760.132.459-16,consultar-imposto-renda,Consultar Imposto de Renda,Finanças e Impostos,2025-10-19,2,Concluído,4.1,False
1083,760.132.459-16,entregar-imposto-renda,Entregar Imposto de Renda,Finanças e Impostos,2025-10-10,3,Atrasado,3.7,False
1084,760.132.459-16,cnh-digital,CNH Digital e Segunda Via,Trânsito,2026-05-08,5,Em andamento,3.5,False
1085,698.342.017-96,carteira-trabalho,Carteira de Trabalho Digital,Trabalho e Previdência,2026-05-16,7,Em andamento,3.1,False
1086,029.564.813-98,entregar-imposto-renda,Entregar Imposto de Renda,Finanças e Impostos,2026-04-15,4,Atrasado,5.0,False
1087,029.564.813-98,assinatura-eletronica,Assinatura Eletrônica,Identidade Digital,2025-10-20,1,Concluído,4.7,False
1088,029.564.813-98,consultar-imposto-renda,Consultar Imposto de Renda,Finanças e Impostos,2026-01-06,1,Concluído,4.4,False
1089,673.495.821-37,cnh-digital,CNH Digital e Segunda Via,Trânsito,2025-12-29,12,Concluído,4.0,False
1090,673.495.821-37,assinatura-eletronica,Assinatura Eletrônica,Identidade Digital,2026-03-31,1,Concluído,4.6,False
1091,673.495.821-37,consultar-imposto-renda,Consultar Imposto de Renda,Finanças e Impostos,2025-10-21,1,Concluído,4.9,False
1092,673.495.821-37,entregar-imposto-renda,Entregar Imposto de Renda,Finanças e Impostos,2026-09-13,1,Concluído,4.4,False
1093,431.962.580-33,assinatura-eletronica,Assinatura Eletrônica,Identidade Digital,2026-06-26,1,Concluído,5.0,False
1094,054.872.936-00,cnh-digital,CNH Digital e Segunda Via,Trânsito,2025-09-28,1,Concluído,4.5,False
1095,054.872.936-00,carteira-trabalho,Carteira de Trabalho Digital,Trabalho e Previdência,2026-07-08,5,Atrasado,4.5,False
1096,548.967.123-82,entregar-imposto-renda,Entregar Imposto de Renda,Finanças e Impostos,2025-11-26,4,Atrasado,5.0,False
1097,548.967.123-82,consultar-imposto-renda,Consultar Imposto de Renda,Finanças e Impostos,2025-10-29,1,Concluído,4.6,False
1098,548.967.123-82,consultar-restituicao,Consultar Restituição,Finanças e Impostos,2026-05-03,1,Concluído,4.2,False
1099,548.967.123-82,carteira-trabalho,Carteira de Trabalho Digital,Trabalho e Previdência,2026-02-07,4,Em andamento,3.4,False
1100,691.083.745-20,passaporte,Solicitar Passaporte,Viagens e Turismo,2025-12-19,1,Concluído,4.3,False
1101,678.531.420-80,assinatura-eletronica,Assinatura Eletrônica,Identidade Digital,2026-05-01,1,Concluído,5.0,False
1102,678.531.420-80,consultar-imposto-renda,Consultar Imposto de Renda,Finanças e Impostos,2026-06-01,1,Concluído,3.1,False
1103,678.531.420-80,passaporte,Solicitar Passaporte,Viagens e Turismo,2025-10-03,13,Em andamento,4.2,False
1104,678.531.420-80,carteira-trabalho,Carteira de Trabalho Digital,Trabalho e Previdência,2026-05-03,5,Concluído,4.3,False
1105,285.043.671-26,assinatura-eletronica,Assinatura Eletrônica,Identidade Digital,2026-04-02,2,Concluído,4.5,False
1106,285.043.671-26,cnh-digital,CNH Digital e Segunda Via,Trânsito,2026-03-02,6,Concluído,2.8,True
1107,285.043.671-26,consultar-restituicao,Consultar Restituição,Finanças e Impostos,2026-08-15,3,Concluído,4.9,False
1108,285.043.671-26,consultar-imposto-renda,Consultar Imposto de Renda,Finanças e Impostos,2026-03-17,3,Atrasado,4.3,False
1109,028.643.917-40,assinatura-eletronica,Assinatura Eletrônica,Identidade Digital,2026-05-08,1,Atrasado,4.6,False
1110,947.235.108-50,carteira-trabalho,Carteira de Trabalho Digital,Trabalho e Previdência,2025-11-21,6,Concluído,3.9,False
1111,947.235.108-50,assinatura-eletronica,Assinatura Eletrônica,Identidade Digital,2026-01-18,2,Concluído,5.0,False
1112,074.591.628-76,entregar-imposto-renda,Entregar Imposto de Renda,Finanças e Impostos,2026-04-07,4,Concluído,4.0,False
1113,074.591.628-76,assinatura-eletronica,Assinatura Eletrônica,Identidade Digital,2026-04-24,1,Concluído,3.2,False
1114,780.954.163-39,carteira-trabalho,Carteira de Trabalho Digital,Trabalho e Previdência,2026-04-07,4,Concluído,3.7,False
1115,780.954.163-39,entregar-imposto-renda,Entregar Imposto de Renda,Finanças e Impostos,2026-06-29,1,Concluído,3.4,False
1116,780.954.163-39,cnh-digital,CNH Digital e Segunda Via,Trânsito,2026-02-01,10,Concluído,3.8,True
1117,056.139.278-12,consultar-imposto-renda,Consultar Imposto de Renda,Finanças e Impostos,2026-02-03,2,Concluído,5.0,False
1118,056.139.278-12,passaporte,Solicitar Passaporte,Viagens e Turismo,2026-01-31,7,Concluído,4.5,False
1119,056.139.278-12,consultar-restituicao,Consultar Restituição,Finanças e Impostos,2026-01-05,2,Concluído,5.0,False
1120,246.510.983-98,assinatura-eletronica,Assinatura Eletrônica,Identidade Digital,2026-06-14,2,Concluído,3.7,False
1121,246.510.983-98,consultar-imposto-renda,Consultar Imposto de Renda,Finanças e Impostos,2025-11-30,2,Concluído,3.8,False
1122,246.510.983-98,entregar-imposto-renda,Entregar Imposto de Renda,Finanças e Impostos,2026-09-12,1,Concluído,3.8,False
1123,397.468.015-20,consultar-imposto-renda,Consultar Imposto de Renda,Finanças e Impostos,2026-01-02,1,Concluído,3.2,False
1124,913.648.275-73,consultar-restituicao,Consultar Restituição,Finanças e Impostos,2026-03-07,1,Concluído,3.7,False
1125,687.093.245-00,assinatura-eletronica,Assinatura Eletrônica,Identidade Digital,2026-01-22,2,Concluído,3.8,False
1126,687.093.245-00,cnh-digital,CNH Digital e Segunda Via,Trânsito,2026-04-30,8,Atrasado,3.7,False
1127,281.903.547-79,passaporte,Solicitar Passaporte,Viagens e Turismo,2026-07-10,12,Concluído,4.0,False
1128,281.903.547-79,cnh-digital,CNH Digital e Segunda Via,Trânsito,2026-04-02,10,Concluído,2.8,False
1129,281.903.547-79,carteira-trabalho,Carteira de Trabalho Digital,Trabalho e Previdência,2026-07-29,4,Atrasado,3.8,True
1130,593.742.086-10,consultar-imposto-renda,Consultar Imposto de Renda,Finanças e Impostos,2026-02-20,1,Concluído,5.0,False
1131,593.742.086-10,consultar-restituicao,Consultar Restituição,Finanças e Impostos,2026-07-15,1,Concluído,5.0,False
1132,761.850.429-67,passaporte,Solicitar Passaporte,Viagens e Turismo,2026-03-15,7,Concluído,2.8,False
1133,761.850.429-67,carteira-trabalho,Carteira de Trabalho Digital,Trabalho e Previdência,2026-01-07,3,Concluído,3.8,False
1134,761.850.429-67,consultar-imposto-renda,Consultar Imposto de Renda,Finanças e Impostos,2026-07-30,1,Concluído,3.2,False
1135,537.016.289-12,passaporte,Solicitar Passaporte,Viagens e Turismo,2025-12-26,9,Concluído,4.4,False
1136,537.016.289-12,consultar-restituicao,Consultar Restituição,Finanças e Impostos,2025-09-28,1,Concluído,3.1,False
1137,537.016.289-12,assinatura-eletronica,Assinatura Eletrônica,Identidade Digital,2025-10-18,1,Concluído,4.5,False
1138,537.016.289-12,carteira-trabalho,Carteira de Trabalho Digital,Trabalho e Previdência,2026-01-13,3,Concluído,5.0,False
1139,730.158.962-02,carteira-trabalho,Carteira de Trabalho Digital,Trabalho e Previdência,2026-04-16,2,Em andamento,3.3,False
1140,730.158.962-02,consultar-restituicao,Consultar Restituição,Finanças e Impostos,2026-02-15,2,Concluído,5.0,False
1141,934.150.286-15,entregar-imposto-renda,Entregar Imposto de Renda,Finanças e Impostos,2026-08-04,3,Concluído,3.8,False
1142,934.150.286-15,cnh-digital,CNH Digital e Segunda Via,Trânsito,2026-01-21,9,Concluído,4.0,True
1143,934.150.286-15,carteira-trabalho,Carteira de Trabalho Digital,Trabalho e Previdência,2025-09-19,4,Concluído,4.4,False
1144,879.240.153-88,entregar-imposto-renda,Entregar Imposto de Renda,Finanças e Impostos,2026-06-12,7,Concluído,4.7,False
1145,879.240.153-88,consultar-imposto-renda,Consultar Imposto de Renda,Finanças e Impostos,2025-10-05,2,Concluído,4.8,False
1146,879.240.153-88,passaporte,Solicitar Passaporte,Viagens e Turismo,2026-07-17,20,Concluído,3.9,False
1147,361.785.240-80,cnh-digital,CNH Digital e Segunda Via,Trânsito,2026-04-12,1,Concluído,2.6,False
1148,361.785.240-80,passaporte,Solicitar Passaporte,Viagens e Turismo,2025-09-26,8,Concluído,2.8,False
1149,361.785.240-80,carteira-trabalho,Carteira de Trabalho Digital,Trabalho e Previdência,2026-07-07,6,Concluído,3.6,False
1150,361.785.240-80,consultar-restituicao,Consultar Restituição,Finanças e Impostos,2026-09-01,1,Concluído,5.0,False
1151,350.624.179-61,cnh-digital,CNH Digital e Segunda Via,Trânsito,2026-08-01,7,Concluído,4.3,True
1152,350.624.179-61,passaporte,Solicitar Passaporte,Viagens e Turismo,2026-06-21,19,Concluído,3.2,False
1153,350.624.179-61,carteira-trabalho,Carteira de Trabalho Digital,Trabalho e Previdência,2026-01-09,1,Concluído,3.8,False
1154,350.624.179-61,consultar-imposto-renda,Consultar Imposto de Renda,Finanças e Impostos,2025-11-27,1,Concluído,3.8,False
1155,207.894.365-74,passaporte,Solicitar Passaporte,Viagens e Turismo,2026-02-05,22,Concluído,3.7,False
1156,907.365.814-48,assinatura-eletronica,Assinatura Eletrônica,Identidade Digital,2026-01-09,1,Concluído,4.5,False
1157,907.365.814-48,consultar-restituicao,Consultar Restituição,Finanças e Impostos,2026-01-08,1,Concluído,4.7,False
1158,907.365.814-48,passaporte,Solicitar Passaporte,Viagens e Turismo,2025-11-23,11,Em andamento,4.0,False
1159,324.895.706-92,assinatura-eletronica,Assinatura Eletrônica,Identidade Digital,2026-01-28,1,Concluído,4.5,False
1160,324.895.706-92,consultar-restituicao,Consultar Restituição,Finanças e Impostos,2026-06-08,1,Concluído,4.6,False
1161,324.895.706-92,carteira-trabalho,Carteira de Trabalho Digital,Trabalho e Previdência,2025-11-18,7,Concluído,3.3,False
1162,324.895.706-92,entregar-imposto-renda,Entregar Imposto de Renda,Finanças e Impostos,2025-10-13,1,Concluído,4.1,False
1163,274.895.603-65,consultar-restituicao,Consultar Restituição,Finanças e Impostos,2026-06-24,1,Concluído,4.2,False
1164,274.895.603-65,passaporte,Solicitar Passaporte,Viagens e Turismo,2025-10-08,9,Concluído,3.8,False
1165,274.895.603-65,entregar-imposto-renda,Entregar Imposto de Renda,Finanças e Impostos,2026-01-06,4,Em andamento,4.3,False
1166,274.895.603-65,cnh-digital,CNH Digital e Segunda Via,Trânsito,2026-05-30,1,Concluído,2.9,False
1167,153.876.249-82,consultar-imposto-renda,Consultar Imposto de Renda,Finanças e Impostos,2026-08-29,1,Concluído,3.8,False
1168,153.876.249-82,carteira-trabalho,Carteira de Trabalho Digital,Trabalho e Previdência,2026-05-21,6,Concluído,3.9,False
1169,397.415.826-09,cnh-digital,CNH Digital e Segunda Via,Trânsito,2026-05-01,14,Atrasado,3.0,True
1170,397.415.826-09,assinatura-eletronica,Assinatura Eletrônica,Identidade Digital,2026-08-20,2,Concluído,4.3,False
1171,397.415.826-09,carteira-trabalho,Carteira de Trabalho Digital,Trabalho e Previdência,2026-07-20,9,Concluído,3.4,False
1172,124.397.806-69,cnh-digital,CNH Digital e Segunda Via,Trânsito,2025-12-01,10,Concluído,3.8,False
1173,230.197.458-88,consultar-imposto-renda,Consultar Imposto de Renda,Finanças e Impostos,2025-09-17,1,Concluído,4.6,False
1174,230.197.458-88,passaporte,Solicitar Passaporte,Viagens e Turismo,2026-07-26,15,Em andamento,4.3,False
1175,230.197.458-88,entregar-imposto-renda,Entregar Imposto de Renda,Finanças e Impostos,2026-06-03,1,Concluído,4.1,False
1176,286.507.149-94,cnh-digital,CNH Digital e Segunda Via,Trânsito,2026-03-24,7,Concluído,4.1,False
1177,286.507.149-94,consultar-restituicao,Consultar Restituição,Finanças e Impostos,2026-02-14,1,Concluído,5.0,False
1178,934.612.508-05,cnh-digital,CNH Digital e Segunda Via,Trânsito,2026-02-15,15,Em andamento,3.1,False
1179,934.612.508-05,consultar-imposto-renda,Consultar Imposto de Renda,Finanças e Impostos,2026-08-30,1,Concluído,4.7,False
1180,934.612.508-05,passaporte,Solicitar Passaporte,Viagens e Turismo,2025-12-24,14,Concluído,3.7,False
1181,934.612.508-05,consultar-restituicao,Consultar Restituição,Finanças e Impostos,2026-06-22,1,Concluído,4.7,False
1182,126.754.893-28,carteira-trabalho,Carteira de Trabalho Digital,Trabalho e Previdência,2025-10-26,9,Atrasado,3.5,False
1183,126.754.893-28,assinatura-eletronica,Assinatura Eletrônica,Identidade Digital,2025-10-01,1,Concluído,3.4,False
1184,397.618.542-64,entregar-imposto-renda,Entregar Imposto de Renda,Finanças e Impostos,2025-12-18,2,Concluído,3.7,False
1185,397.618.542-64,assinatura-eletronica,Assinatura Eletrônica,Identidade Digital,2025-10-20,1,Concluído,5.0,False
1186,397.618.542-64,cnh-digital,CNH Digital e Segunda Via,Trânsito,2025-10-16,5,Atrasado,3.9,False
1187,530.849.216-60,assinatura-eletronica,Assinatura Eletrônica,Identidade Digital,2026-03-27,1,Concluído,5.0,False
1188,530.849.216-60,cnh-digital,CNH Digital e Segunda Via,Trânsito,2025-12-22,11,Concluído,3.7,False
1189,530.849.216-60,carteira-trabalho,Carteira de Trabalho Digital,Trabalho e Previdência,2025-12-22,3,Concluído,4.3,False
1190,415.029.683-98,consultar-imposto-renda,Consultar Imposto de Renda,Finanças e Impostos,2025-12-30,1,Concluído,4.4,False
1191,415.029.683-98,entregar-imposto-renda,Entregar Imposto de Renda,Finanças e Impostos,2025-10-28,2,Concluído,3.9,False
1192,415.029.683-98,consultar-restituicao,Consultar Restituição,Finanças e Impostos,2026-07-13,1,Concluído,4.7,False
1193,432.659.701-16,consultar-imposto-renda,Consultar Imposto de Renda,Finanças e Impostos,2025-11-29,1,Concluído,2.9,False
1194,432.659.701-16,passaporte,Solicitar Passaporte,Viagens e Turismo,2025-11-14,12,Concluído,4.3,False
1195,432.659.701-16,carteira-trabalho,Carteira de Trabalho Digital,Trabalho e Previdência,2025-11-25,3,Concluído,2.8,False
1196,638.591.704-57,carteira-trabalho,Carteira de Trabalho Digital,Trabalho e Previdência,2026-03-14,4,Concluído,3.7,False
1197,638.591.704-57,cnh-digital,CNH Digital e Segunda Via,Trânsito,2026-07-29,15,Concluído,4.2,False
1198,638.591.704-57,consultar-imposto-renda,Consultar Imposto de Renda,Finanças e Impostos,2026-03-09,1,Concluído,3.8,False
1199,805.146.239-42,cnh-digital,CNH Digital e Segunda Via,Trânsito,2025-10-24,4,Em andamento,4.0,False
1200,805.146.239-42,entregar-imposto-renda,Entregar Imposto de Renda,Finanças e Impostos,2026-06-23,4,Concluído,4.1,False
1201,805.146.239-42,carteira-trabalho,Carteira de Trabalho Digital,Trabalho e Previdência,2026-07-10,8,Concluído,3.5,False
1202,805.146.239-42,consultar-restituicao,Consultar Restituição,Finanças e Impostos,2026-01-24,1,Concluído,4.7,False
1203,028.745.319-79,assinatura-eletronica,Assinatura Eletrônica,Identidade Digital,2026-07-20,2,Concluído,5.0,False
1204,028.745.319-79,carteira-trabalho,Carteira de Trabalho Digital,Trabalho e Previdência,2026-06-28,7,Concluído,3.9,False
1205,028.745.319-79,consultar-restituicao,Consultar Restituição,Finanças e Impostos,2026-08-31,1,Concluído,4.2,False
1206,182.054.367-62,entregar-imposto-renda,Entregar Imposto de Renda,Finanças e Impostos,2026-04-22,4,Concluído,5.0,False
1207,802.735.196-03,carteira-trabalho,Carteira de Trabalho Digital,Trabalho e Previdência,2026-03-20,6,Concluído,3.7,False
1208,724.916.350-70,entregar-imposto-renda,Entregar Imposto de Renda,Finanças e Impostos,2026-07-06,1,Concluído,3.9,False
1209,724.916.350-70,consultar-restituicao,Consultar Restituição,Finanças e Impostos,2026-01-28,2,Concluído,5.0,False
1210,724.916.350-70,passaporte,Solicitar Passaporte,Viagens e Turismo,2025-10-30,9,Concluído,3.3,False
1211,724.916.350-70,consultar-imposto-renda,Consultar Imposto de Renda,Finanças e Impostos,2026-02-24,1,Concluído,4.5,False
1212,014.532.789-23,passaporte,Solicitar Passaporte,Viagens e Turismo,2025-09-17,19,Em andamento,3.9,False
1213,014.532.789-23,entregar-imposto-renda,Entregar Imposto de Renda,Finanças e Impostos,2025-10-19,5,Concluído,4.4,False
1214,014.532.789-23,assinatura-eletronica,Assinatura Eletrônica,Identidade Digital,2025-11-02,1,Concluído,4.3,False
1215,014.532.789-23,consultar-imposto-renda,Consultar Imposto de Renda,Finanças e Impostos,2025-12-21,1,Concluído,4.9,False
1216,032.754.689-10,passaporte,Solicitar Passaporte,Viagens e Turismo,2025-12-16,12,Em andamento,3.9,False
1217,724.190.358-79,assinatura-eletronica,Assinatura Eletrônica,Identidade Digital,2026-02-21,1,Concluído,4.2,False
1218,724.190.358-79,carteira-trabalho,Carteira de Trabalho Digital,Trabalho e Previdência,2026-03-24,3,Em andamento,3.8,False
1219,724.190.358-79,passaporte,Solicitar Passaporte,Viagens e Turismo,2026-07-18,19,Concluído,3.7,False
1220,724.190.358-79,entregar-imposto-renda,Entregar Imposto de Renda,Finanças e Impostos,2026-06-13,3,Concluído,4.2,False
1221,257.360.498-56,passaporte,Solicitar Passaporte,Viagens e Turismo,2026-06-14,14,Concluído,3.8,False
1222,257.360.498-56,consultar-imposto-renda,Consultar Imposto de Renda,Finanças e Impostos,2026-04-04,2,Concluído,5.0,False
1223,257.360.498-56,assinatura-eletronica,Assinatura Eletrônica,Identidade Digital,2026-07-15,2,Concluído,4.7,False
1224,257.360.498-56,entregar-imposto-renda,Entregar Imposto de Renda,Finanças e Impostos,2026-05-16,1,Concluído,3.9,False
1225,416.805.297-49,entregar-imposto-renda,Entregar Imposto de Renda,Finanças e Impostos,2026-08-14,2,Concluído,4.6,False
1226,164.307.589-66,consultar-restituicao,Consultar Restituição,Finanças e Impostos,2025-10-25,1,Concluído,5.0,False
1227,531.706.498-84,consultar-imposto-renda,Consultar Imposto de Renda,Finanças e Impostos,2025-12-04,1,Concluído,4.0,False
1228,315.280.967-03,assinatura-eletronica,Assinatura Eletrônica,Identidade Digital,2026-07-04,1,Concluído,5.0,False
1229,315.280.967-03,passaporte,Solicitar Passaporte,Viagens e Turismo,2025-12-13,25,Concluído,3.4,False
1230,315.280.967-03,carteira-trabalho,Carteira de Trabalho Digital,Trabalho e Previdência,2026-08-24,8,Em andamento,3.6,False
1231,315.280.967-03,consultar-imposto-renda,Consultar Imposto de Renda,Finanças e Impostos,2026-09-14,3,Concluído,4.8,False
1232,647.058.139-01,cnh-digital,CNH Digital e Segunda Via,Trânsito,2026-03-19,9,Em andamento,3.4,False
1233,647.058.139-01,passaporte,Solicitar Passaporte,Viagens e Turismo,2025-12-15,8,Concluído,3.6,False
1234,647.058.139-01,consultar-restituicao,Consultar Restituição,Finanças e Impostos,2026-07-14,2,Atrasado,3.7,False
1235,150.463.827-17,carteira-trabalho,Carteira de Trabalho Digital,Trabalho e Previdência,2026-04-05,9,Concluído,2.6,False
1236,150.463.827-17,cnh-digital,CNH Digital e Segunda Via,Trânsito,2025-09-17,5,Em andamento,3.8,False
1237,102.736.985-59,assinatura-eletronica,Assinatura Eletrônica,Identidade Digital,2025-10-19,2,Concluído,4.2,False
1238,102.736.985-59,passaporte,Solicitar Passaporte,Viagens e Turismo,2026-09-10,9,Atrasado,3.3,False
1239,102.736.985-59,consultar-imposto-renda,Consultar Imposto de Renda,Finanças e Impostos,2026-02-25,1,Concluído,4.0,False
1240,403.652.987-00,carteira-trabalho,Carteira de Trabalho Digital,Trabalho e Previdência,2026-08-30,9,Concluído,2.9,True
1241,270.836.149-03,cnh-digital,CNH Digital e Segunda Via,Trânsito,2026-06-16,12,Em andamento,2.8,False
1242,270.836.149-03,carteira-trabalho,Carteira de Trabalho Digital,Trabalho e Previdência,2026-06-08,3,Concluído,3.7,False
1243,270.836.149-03,entregar-imposto-renda,Entregar Imposto de Renda,Finanças e Impostos,2025-09-16,3,Concluído,4.1,False
1244,270.836.149-03,consultar-restituicao,Consultar Restituição,Finanças e Impostos,2026-04-12,1,Atrasado,4.1,False
1245,238.714.569-00,entregar-imposto-renda,Entregar Imposto de Renda,Finanças e Impostos,2026-01-05,5,Concluído,3.4,False
1246,768.913.052-68,cnh-digital,CNH Digital e Segunda Via,Trânsito,2026-02-24,10,Concluído,4.0,False
1247,768.913.052-68,passaporte,Solicitar Passaporte,Viagens e Turismo,2026-06-07,8,Concluído,3.1,False
1248,479.385.601-20,assinatura-eletronica,Assinatura Eletrônica,Identidade Digital,2026-07-11,1,Concluído,4.3,False
1249,479.385.601-20,carteira-trabalho,Carteira de Trabalho Digital,Trabalho e Previdência,2026-05-21,8,Concluído,2.9,False
1250,567.294.013-70,passaporte,Solicitar Passaporte,Viagens e Turismo,2025-10-02,8,Concluído,3.7,False
1251,506.391.478-01,assinatura-eletronica,Assinatura Eletrônica,Identidade Digital,2026-02-05,2,Concluído,4.1,False
1252,506.391.478-01,consultar-restituicao,Consultar Restituição,Finanças e Impostos,2025-12-23,1,Concluído,4.6,False
1253,506.391.478-01,cnh-digital,CNH Digital e Segunda Via,Trânsito,2026-05-23,16,Concluído,4.1,False
1254,506.391.478-01,entregar-imposto-renda,Entregar Imposto de Renda,Finanças e Impostos,2026-02-26,3,Concluído,4.1,False
1255,168.540.937-75,passaporte,Solicitar Passaporte,Viagens e Turismo,2026-05-22,18,Concluído,3.7,False
1256,152.789.364-28,consultar-imposto-renda,Consultar Imposto de Renda,Finanças e Impostos,2026-03-30,1,Concluído,5.0,False
1257,152.789.364-28,cnh-digital,CNH Digital e Segunda Via,Trânsito,2026-01-12,7,Concluído,3.8,False
1258,462.178.903-13,consultar-imposto-renda,Consultar Imposto de Renda,Finanças e Impostos,2026-05-15,3,Concluído,4.0,False
1259,462.178.903-13,assinatura-eletronica,Assinatura Eletrônica,Identidade Digital,2025-12-22,2,Concluído,3.2,False
1260,462.178.903-13,consultar-restituicao,Consultar Restituição,Finanças e Impostos,2025-11-01,1,Concluído,4.6,False
1261,467.590.183-20,assinatura-eletronica,Assinatura Eletrônica,Identidade Digital,2026-08-14,2,Concluído,4.3,False
1262,108.274.536-71,cnh-digital,CNH Digital e Segunda Via,Trânsito,2026-07-11,14,Concluído,4.1,False
1263,593.287.460-00,assinatura-eletronica,Assinatura Eletrônica,Identidade Digital,2026-04-17,2,Concluído,4.1,False
1264,593.287.460-00,cnh-digital,CNH Digital e Segunda Via,Trânsito,2026-02-16,9,Concluído,4.5,True
1265,593.287.460-00,passaporte,Solicitar Passaporte,Viagens e Turismo,2026-03-02,7,Concluído,3.9,False
1266,593.287.460-00,carteira-trabalho,Carteira de Trabalho Digital,Trabalho e Previdência,2026-07-25,2,Concluído,4.8,False
1267,357.489.620-47,carteira-trabalho,Carteira de Trabalho Digital,Trabalho e Previdência,2026-07-24,9,Concluído,3.7,False
1268,357.489.620-47,consultar-imposto-renda,Consultar Imposto de Renda,Finanças e Impostos,2025-11-25,2,Concluído,4.8,False
1269,357.489.620-47,assinatura-eletronica,Assinatura Eletrônica,Identidade Digital,2026-01-11,1,Concluído,4.0,False
1270,615.390.784-93,assinatura-eletronica,Assinatura Eletrônica,Identidade Digital,2026-07-11,1,Concluído,5.0,False
1271,271.354.809-88,entregar-imposto-renda,Entregar Imposto de Renda,Finanças e Impostos,2026-07-02,4,Concluído,4.3,False
1272,271.354.809-88,carteira-trabalho,Carteira de Trabalho Digital,Trabalho e Previdência,2026-03-10,8,Concluído,3.5,True
1273,271.354.809-88,passaporte,Solicitar Passaporte,Viagens e Turismo,2026-05-16,2,Em andamento,3.7,False
1274,471.589.306-10,consultar-imposto-renda,Consultar Imposto de Renda,Finanças e Impostos,2026-06-03,1,Concluído,3.8,False
1275,471.589.306-10,passaporte,Solicitar Passaporte,Viagens e Turismo,2025-09-24,10,Concluído,3.2,False
1276,149.062.785-58,carteira-trabalho,Carteira de Trabalho Digital,Trabalho e Previdência,2026-03-30,6,Concluído,4.2,True
1277,149.062.785-58,entregar-imposto-renda,Entregar Imposto de Renda,Finanças e Impostos,2026-05-25,5,Concluído,3.5,False
1278,149.062.785-58,consultar-restituicao,Consultar Restituição,Finanças e Impostos,2026-01-19,1,Concluído,4.2,False
1279,836.925.140-42,cnh-digital,CNH Digital e Segunda Via,Trânsito,2026-06-01,2,Concluído,4.4,True
1280,836.925.140-42,passaporte,Solicitar Passaporte,Viagens e Turismo,2026-03-15,15,Concluído,3.9,False
1281,836.925.140-42,consultar-restituicao,Consultar Restituição,Finanças e Impostos,2026-06-07,1,Concluído,3.5,False
1282,942.560.718-49,consultar-imposto-renda,Consultar Imposto de Renda,Finanças e Impostos,2026-06-05,1,Concluído,4.7,False
1283,238.560.179-68,entregar-imposto-renda,Entregar Imposto de Renda,Finanças e Impostos,2026-05-12,3,Concluído,4.0,False
1284,238.560.179-68,carteira-trabalho,Carteira de Trabalho Digital,Trabalho e Previdência,2026-07-25,9,Concluído,3.7,False
1285,614.258.309-51,entregar-imposto-renda,Entregar Imposto de Renda,Finanças e Impostos,2026-05-30,3,Concluído,4.3,False
1286,238.651.047-62,carteira-trabalho,Carteira de Trabalho Digital,Trabalho e Previdência,2026-02-04,6,Concluído,3.4,False
1287,238.651.047-62,cnh-digital,CNH Digital e Segunda Via,Trânsito,2026-06-09,9,Concluído,4.2,False
1288,015.438.792-41,assinatura-eletronica,Assinatura Eletrônica,Identidade Digital,2025-11-18,1,Concluído,5.0,False
1289,015.438.792-41,carteira-trabalho,Carteira de Trabalho Digital,Trabalho e Previdência,2026-03-31,5,Concluído,4.4,True
1290,176.253.804-08,consultar-imposto-renda,Consultar Imposto de Renda,Finanças e Impostos,2025-10-10,1,Concluído,4.1,False
1291,176.253.804-08,passaporte,Solicitar Passaporte,Viagens e Turismo,2025-10-19,12,Concluído,3.2,False
1292,176.253.804-08,assinatura-eletronica,Assinatura Eletrônica,Identidade Digital,2026-06-15,1,Concluído,5.0,False
1293,176.253.804-08,consultar-restituicao,Consultar Restituição,Finanças e Impostos,2026-01-04,1,Concluído,4.6,False
1294,126.357.840-35,consultar-imposto-renda,Consultar Imposto de Renda,Finanças e Impostos,2026-05-25,2,Concluído,3.9,False
1295,718.690.524-20,entregar-imposto-renda,Entregar Imposto de Renda,Finanças e Impostos,2026-03-05,1,Concluído,3.3,False
1296,718.690.524-20,consultar-restituicao,Consultar Restituição,Finanças e Impostos,2025-12-07,2,Concluído,5.0,False
1297,401.892.536-06,consultar-imposto-renda,Consultar Imposto de Renda,Finanças e Impostos,2026-01-19,1,Concluído,4.3,False
1298,401.892.536-06,carteira-trabalho,Carteira de Trabalho Digital,Trabalho e Previdência,2026-02-05,1,Concluído,4.2,False
1299,401.892.536-06,assinatura-eletronica,Assinatura Eletrônica,Identidade Digital,2026-06-15,1,Concluído,4.8,False
1300,758.469.120-01,entregar-imposto-renda,Entregar Imposto de Renda,Finanças e Impostos,2026-01-01,1,Concluído,3.8,False
1301,354.187.906-84,assinatura-eletronica,Assinatura Eletrônica,Identidade Digital,2026-08-09,1,Concluído,5.0,False
1302,354.187.906-84,cnh-digital,CNH Digital e Segunda Via,Trânsito,2025-10-04,6,Atrasado,4.1,False
1303,283.059.147-04,cnh-digital,CNH Digital e Segunda Via,Trânsito,2025-12-10,8,Concluído,3.7,False
1304,283.059.147-04,passaporte,Solicitar Passaporte,Viagens e Turismo,2026-02-20,21,Em andamento,3.4,False
1305,314.076.958-00,cnh-digital,CNH Digital e Segunda Via,Trânsito,2026-05-21,9,Concluído,4.7,False
1306,314.076.958-00,consultar-restituicao,Consultar Restituição,Finanças e Impostos,2025-12-06,1,Concluído,3.5,False
1307,639.071.284-78,entregar-imposto-renda,Entregar Imposto de Renda,Finanças e Impostos,2026-06-10,1,Concluído,4.5,False
1308,625.974.310-61,consultar-restituicao,Consultar Restituição,Finanças e Impostos,2026-07-05,1,Concluído,4.4,False
1309,625.974.310-61,carteira-trabalho,Carteira de Trabalho Digital,Trabalho e Previdência,2026-09-10,1,Concluído,3.6,False
1310,625.974.310-61,assinatura-eletronica,Assinatura Eletrônica,Identidade Digital,2026-02-09,1,Concluído,4.0,False
1311,625.974.310-61,entregar-imposto-renda,Entregar Imposto de Renda,Finanças e Impostos,2025-12-13,2,Concluído,4.7,False
1312,405.719.326-06,consultar-imposto-renda,Consultar Imposto de Renda,Finanças e Impostos,2026-06-28,4,Concluído,4.0,False
1313,419.320.765-06,consultar-restituicao,Consultar Restituição,Finanças e Impostos,2025-12-15,1,Concluído,4.9,False
1314,419.320.765-06,consultar-imposto-renda,Consultar Imposto de Renda,Finanças e Impostos,2026-01-26,1,Concluído,3.9,False
1315,419.320.765-06,cnh-digital,CNH Digital e Segunda Via,Trânsito,2025-10-04,7,Concluído,3.7,False
1316,419.320.765-06,assinatura-eletronica,Assinatura Eletrônica,Identidade Digital,2026-06-11,2,Concluído,5.0,False
1317,827.345.016-35,consultar-imposto-renda,Consultar Imposto de Renda,Finanças e Impostos,2025-10-12,1,Concluído,4.2,False
1318,827.345.016-35,entregar-imposto-renda,Entregar Imposto de Renda,Finanças e Impostos,2026-09-09,5,Concluído,4.9,False
1319,972.541.603-16,assinatura-eletronica,Assinatura Eletrônica,Identidade Digital,2025-12-14,1,Concluído,5.0,False
1320,972.541.603-16,consultar-imposto-renda,Consultar Imposto de Renda,Finanças e Impostos,2026-06-01,1,Concluído,4.6,False
1321,531.268.970-02,consultar-imposto-renda,Consultar Imposto de Renda,Finanças e Impostos,2025-11-18,1,Concluído,5.0,False
1322,531.268.970-02,carteira-trabalho,Carteira de Trabalho Digital,Trabalho e Previdência,2026-06-03,6,Concluído,3.6,False
1323,531.268.970-02,passaporte,Solicitar Passaporte,Viagens e Turismo,2026-05-11,1,Em andamento,3.6,False
1324,531.268.970-02,entregar-imposto-renda,Entregar Imposto de Renda,Finanças e Impostos,2025-11-24,4,Concluído,4.0,False
1325,507.269.831-95,entregar-imposto-renda,Entregar Imposto de Renda,Finanças e Impostos,2025-11-05,4,Concluído,2.9,False
1326,507.269.831-95,passaporte,Solicitar Passaporte,Viagens e Turismo,2026-06-15,19,Concluído,3.2,False
1327,507.269.831-95,cnh-digital,CNH Digital e Segunda Via,Trânsito,2025-10-12,10,Concluído,4.4,False
1328,507.269.831-95,consultar-restituicao,Consultar Restituição,Finanças e Impostos,2026-05-15,1,Concluído,4.3,False
1329,261.307.954-16,passaporte,Solicitar Passaporte,Viagens e Turismo,2026-01-05,4,Concluído,4.3,False
1330,261.307.954-16,assinatura-eletronica,Assinatura Eletrônica,Identidade Digital,2026-03-10,1,Concluído,4.7,False
1331,261.307.954-16,consultar-imposto-renda,Consultar Imposto de Renda,Finanças e Impostos,2026-04-01,1,Concluído,4.5,False
1332,256.091.734-34,consultar-restituicao,Consultar Restituição,Finanças e Impostos,2026-09-01,2,Concluído,4.9,False
1333,167.439.285-00,entregar-imposto-renda,Entregar Imposto de Renda,Finanças e Impostos,2026-02-23,4,Concluído,4.0,False
1334,167.439.285-00,passaporte,Solicitar Passaporte,Viagens e Turismo,2026-07-07,8,Concluído,4.7,False
1335,167.439.285-00,consultar-restituicao,Consultar Restituição,Finanças e Impostos,2026-08-11,2,Concluído,4.9,False
1336,167.439.285-00,consultar-imposto-renda,Consultar Imposto de Renda,Finanças e Impostos,2026-02-02,2,Concluído,5.0,False
1337,560.382.417-44,cnh-digital,CNH Digital e Segunda Via,Trânsito,2025-11-08,10,Concluído,4.0,False
1338,560.382.417-44,assinatura-eletronica,Assinatura Eletrônica,Identidade Digital,2026-08-06,1,Concluído,4.5,False
1339,637.504.192-99,entregar-imposto-renda,Entregar Imposto de Renda,Finanças e Impostos,2025-10-04,1,Concluído,3.8,False
1340,637.504.192-99,consultar-imposto-renda,Consultar Imposto de Renda,Finanças e Impostos,2025-10-24,1,Concluído,3.5,False
1341,637.504.192-99,passaporte,Solicitar Passaporte,Viagens e Turismo,2026-07-24,8,Concluído,4.1,False
1342,637.504.192-99,assinatura-eletronica,Assinatura Eletrônica,Identidade Digital,2026-09-12,2,Concluído,4.8,False
1343,310.964.257-34,entregar-imposto-renda,Entregar Imposto de Renda,Finanças e Impostos,2026-06-04,4,Em andamento,4.2,False
1344,310.964.257-34,consultar-imposto-renda,Consultar Imposto de Renda,Finanças e Impostos,2026-06-08,1,Em andamento,4.1,False
1345,549.731.206-34,passaporte,Solicitar Passaporte,Viagens e Turismo,2026-08-23,10,Concluído,3.9,False
1346,549.731.206-34,consultar-imposto-renda,Consultar Imposto de Renda,Finanças e Impostos,2025-12-01,1,Concluído,3.7,False
1347,758.209.463-83,consultar-restituicao,Consultar Restituição,Finanças e Impostos,2026-07-22,1,Concluído,4.8,False
1348,758.209.463-83,assinatura-eletronica,Assinatura Eletrônica,Identidade Digital,2026-04-06,2,Concluído,4.6,False
1349,758.209.463-83,consultar-imposto-renda,Consultar Imposto de Renda,Finanças e Impostos,2025-10-13,2,Concluído,3.5,False
1350,758.209.463-83,carteira-trabalho,Carteira de Trabalho Digital,Trabalho e Previdência,2026-08-11,7,Concluído,3.2,False
1351,910.458.623-98,passaporte,Solicitar Passaporte,Viagens e Turismo,2025-12-14,15,Concluído,2.5,False
1352,023.748.516-80,assinatura-eletronica,Assinatura Eletrônica,Identidade Digital,2025-10-26,1,Atrasado,3.7,False
1353,023.748.516-80,carteira-trabalho,Carteira de Trabalho Digital,Trabalho e Previdência,2026-03-28,7,Concluído,4.5,False
1354,023.748.516-80,entregar-imposto-renda,Entregar Imposto de Renda,Finanças e Impostos,2025-10-08,1,Concluído,4.0,False
1355,240.871.365-07,consultar-restituicao,Consultar Restituição,Finanças e Impostos,2026-05-18,3,Concluído,4.6,False
1356,240.871.365-07,carteira-trabalho,Carteira de Trabalho Digital,Trabalho e Previdência,2026-05-16,5,Concluído,2.6,True
1357,240.871.365-07,consultar-imposto-renda,Consultar Imposto de Renda,Finanças e Impostos,2026-03-07,1,Concluído,4.3,False
1358,240.871.365-07,assinatura-eletronica,Assinatura Eletrônica,Identidade Digital,2025-10-21,3,Concluído,4.9,False
1359,930.648.217-50,passaporte,Solicitar Passaporte,Viagens e Turismo,2026-04-05,6,Concluído,3.0,False
1360,930.648.217-50,entregar-imposto-renda,Entregar Imposto de Renda,Finanças e Impostos,2026-02-14,2,Concluído,3.5,False
1361,930.648.217-50,consultar-imposto-renda,Consultar Imposto de Renda,Finanças e Impostos,2026-03-29,1,Concluído,4.6,False
1362,930.648.217-50,cnh-digital,CNH Digital e Segunda Via,Trânsito,2025-10-09,15,Concluído,3.6,False
1363,249.701.865-02,carteira-trabalho,Carteira de Trabalho Digital,Trabalho e Previdência,2025-10-27,10,Concluído,3.6,False
1364,249.701.865-02,entregar-imposto-renda,Entregar Imposto de Renda,Finanças e Impostos,2025-10-25,7,Concluído,3.8,False
1365,249.701.865-02,consultar-imposto-renda,Consultar Imposto de Renda,Finanças e Impostos,2026-06-18,1,Concluído,3.7,False
1366,249.701.865-02,consultar-restituicao,Consultar Restituição,Finanças e Impostos,2026-05-17,1,Concluído,4.5,False
1367,508.621.974-49,passaporte,Solicitar Passaporte,Viagens e Turismo,2026-05-12,6,Concluído,4.2,False
1368,508.621.974-49,consultar-imposto-renda,Consultar Imposto de Renda,Finanças e Impostos,2025-11-23,1,Concluído,4.6,False
1369,983.671.240-22,assinatura-eletronica,Assinatura Eletrônica,Identidade Digital,2026-06-21,1,Concluído,4.7,False
1370,983.671.240-22,entregar-imposto-renda,Entregar Imposto de Renda,Finanças e Impostos,2026-02-05,3,Concluído,2.8,False
1371,983.671.240-22,consultar-restituicao,Consultar Restituição,Finanças e Impostos,2026-09-04,1,Concluído,3.9,False
1372,983.671.240-22,carteira-trabalho,Carteira de Trabalho Digital,Trabalho e Previdência,2026-04-14,4,Concluído,3.4,False
1373,172.395.486-19,entregar-imposto-renda,Entregar Imposto de Renda,Finanças e Impostos,2025-12-01,2,Concluído,3.8,False
1374,172.395.486-19,consultar-restituicao,Consultar Restituição,Finanças e Impostos,2026-01-17,2,Concluído,5.0,False
1375,172.395.486-19,cnh-digital,CNH Digital e Segunda Via,Trânsito,2026-01-01,8,Concluído,3.1,False
1376,172.395.486-19,passaporte,Solicitar Passaporte,Viagens e Turismo,2026-02-24,17,Concluído,3.7,False
1377,129.376.408-69,consultar-restituicao,Consultar Restituição,Finanças e Impostos,2026-08-26,1,Concluído,4.5,False
1378,314.857.092-88,consultar-imposto-renda,Consultar Imposto de Renda,Finanças e Impostos,2026-05-07,1,Concluído,3.3,False
1379,314.857.092-88,consultar-restituicao,Consultar Restituição,Finanças e Impostos,2025-09-16,1,Concluído,4.6,False
1380,723.048.695-56,consultar-restituicao,Consultar Restituição,Finanças e Impostos,2026-01-13,3,Concluído,4.7,False
1381,723.048.695-56,passaporte,Solicitar Passaporte,Viagens e Turismo,2025-10-03,20,Concluído,4.0,False
1382,723.048.695-56,consultar-imposto-renda,Consultar Imposto de Renda,Finanças e Impostos,2025-11-09,1,Concluído,4.6,False
1383,723.048.695-56,carteira-trabalho,Carteira de Trabalho Digital,Trabalho e Previdência,2025-11-10,2,Concluído,3.2,True
1384,254.183.067-07,passaporte,Solicitar Passaporte,Viagens e Turismo,2025-09-15,17,Concluído,3.5,False
1385,928.347.156-37,carteira-trabalho,Carteira de Trabalho Digital,Trabalho e Previdência,2026-06-10,6,Concluído,3.3,False
1386,102.659.784-67,carteira-trabalho,Carteira de Trabalho Digital,Trabalho e Previdência,2026-07-21,2,Concluído,2.8,True
1387,102.659.784-67,entregar-imposto-renda,Entregar Imposto de Renda,Finanças e Impostos,2026-05-30,5,Concluído,3.6,False
1388,102.659.784-67,consultar-restituicao,Consultar Restituição,Finanças e Impostos,2026-06-20,1,Concluído,4.5,False
1389,102.659.784-67,assinatura-eletronica,Assinatura Eletrônica,Identidade Digital,2025-09-23,1,Concluído,4.9,False
1390,658.397.421-55,consultar-imposto-renda,Consultar Imposto de Renda,Finanças e Impostos,2025-09-19,2,Concluído,4.8,False
1391,658.397.421-55,cnh-digital,CNH Digital e Segunda Via,Trânsito,2026-07-20,2,Concluído,4.0,True
1392,658.397.421-55,entregar-imposto-renda,Entregar Imposto de Renda,Finanças e Impostos,2026-06-13,3,Atrasado,3.5,False
1393,658.397.421-55,passaporte,Solicitar Passaporte,Viagens e Turismo,2026-02-01,7,Em andamento,3.2,False
1394,683.501.297-86,assinatura-eletronica,Assinatura Eletrônica,Identidade Digital,2026-04-26,1,Concluído,4.7,False
1395,683.501.297-86,consultar-restituicao,Consultar Restituição,Finanças e Impostos,2026-01-09,1,Concluído,4.3,False
1396,683.501.297-86,cnh-digital,CNH Digital e Segunda Via,Trânsito,2026-09-11,5,Concluído,2.8,False
1397,286.175.093-68,consultar-restituicao,Consultar Restituição,Finanças e Impostos,2025-11-10,1,Concluído,4.3,False
1398,720.186.935-30,consultar-restituicao,Consultar Restituição,Finanças e Impostos,2026-03-26,1,Atrasado,5.0,False
1399,720.186.935-30,entregar-imposto-renda,Entregar Imposto de Renda,Finanças e Impostos,2026-03-14,2,Concluído,3.4,False
1400,720.186.935-30,carteira-trabalho,Carteira de Trabalho Digital,Trabalho e Previdência,2026-03-16,8,Concluído,2.8,False
1401,720.186.935-30,cnh-digital,CNH Digital e Segunda Via,Trânsito,2026-02-21,7,Concluído,2.5,False
1402,765.390.248-00,passaporte,Solicitar Passaporte,Viagens e Turismo,2026-01-26,6,Concluído,3.2,False
1403,765.390.248-00,consultar-imposto-renda,Consultar Imposto de Renda,Finanças e Impostos,2026-02-15,1,Concluído,4.3,False
1404,765.390.248-00,entregar-imposto-renda,Entregar Imposto de Renda,Finanças e Impostos,2026-04-03,5,Concluído,4.0,False
1405,784.962.130-13,passaporte,Solicitar Passaporte,Viagens e Turismo,2025-11-08,3,Em andamento,3.9,False
1406,784.962.130-13,consultar-restituicao,Consultar Restituição,Finanças e Impostos,2026-01-14,3,Concluído,4.4,False
1407,784.962.130-13,consultar-imposto-renda,Consultar Imposto de Renda,Finanças e Impostos,2026-03-01,1,Concluído,4.7,False
1408,621.953.478-64,consultar-imposto-renda,Consultar Imposto de Renda,Finanças e Impostos,2026-01-03,1,Concluído,3.8,False
1409,950.126.738-59,consultar-imposto-renda,Consultar Imposto de Renda,Finanças e Impostos,2025-10-10,1,Concluído,4.2,False
1410,950.126.738-59,consultar-restituicao,Consultar Restituição,Finanças e Impostos,2025-10-12,1,Em andamento,4.2,False
1411,950.126.738-59,assinatura-eletronica,Assinatura Eletrônica,Identidade Digital,2026-03-31,2,Concluído,4.0,False
1412,950.126.738-59,passaporte,Solicitar Passaporte,Viagens e Turismo,2026-05-06,5,Concluído,2.5,False
1413,907.862.513-95,carteira-trabalho,Carteira de Trabalho Digital,Trabalho e Previdência,2026-01-06,8,Atrasado,4.1,False
1414,907.862.513-95,passaporte,Solicitar Passaporte,Viagens e Turismo,2025-11-11,16,Atrasado,4.0,False
1415,812.043.576-17,passaporte,Solicitar Passaporte,Viagens e Turismo,2026-05-18,12,Concluído,4.1,False
1416,812.043.576-17,cnh-digital,CNH Digital e Segunda Via,Trânsito,2026-07-31,5,Concluído,4.4,False
1417,812.043.576-17,carteira-trabalho,Carteira de Trabalho Digital,Trabalho e Previdência,2025-11-25,2,Atrasado,4.5,True
1418,812.043.576-17,consultar-restituicao,Consultar Restituição,Finanças e Impostos,2026-08-14,1,Concluído,4.3,False
1419,295.318.476-73,entregar-imposto-renda,Entregar Imposto de Renda,Finanças e Impostos,2026-07-22,1,Concluído,4.4,False
1420,295.318.476-73,cnh-digital,CNH Digital e Segunda Via,Trânsito,2026-07-02,9,Concluído,3.2,False
1421,295.318.476-73,consultar-imposto-renda,Consultar Imposto de Renda,Finanças e Impostos,2026-07-01,1,Concluído,4.1,False
1422,295.318.476-73,carteira-trabalho,Carteira de Trabalho Digital,Trabalho e Previdência,2025-09-20,7,Concluído,3.7,False
1423,241.306.957-70,cnh-digital,CNH Digital e Segunda Via,Trânsito,2026-01-13,6,Concluído,3.4,False
1424,241.306.957-70,passaporte,Solicitar Passaporte,Viagens e Turismo,2026-08-15,17,Em andamento,3.7,False
1425,241.306.957-70,carteira-trabalho,Carteira de Trabalho Digital,Trabalho e Previdência,2026-05-22,5,Em andamento,3.4,False
1426,472.093.618-04,entregar-imposto-renda,Entregar Imposto de Renda,Finanças e Impostos,2025-12-08,2,Concluído,4.3,False
1427,472.093.618-04,passaporte,Solicitar Passaporte,Viagens e Turismo,2026-03-20,12,Concluído,3.2,False
1428,472.093.618-04,consultar-imposto-renda,Consultar Imposto de Renda,Finanças e Impostos,2026-04-23,1,Concluído,5.0,False
1429,472.093.618-04,assinatura-eletronica,Assinatura Eletrônica,Identidade Digital,2025-12-08,1,Concluído,4.8,False
1430,740.859.126-58,cnh-digital,CNH Digital e Segunda Via,Trânsito,2025-09-16,6,Concluído,4.5,False
1431,157.384.602-35,entregar-imposto-renda,Entregar Imposto de Renda,Finanças e Impostos,2026-06-06,3,Concluído,3.8,False
1432,157.384.602-35,consultar-imposto-renda,Consultar Imposto de Renda,Finanças e Impostos,2025-11-24,2,Concluído,4.9,False
1433,157.384.602-35,passaporte,Solicitar Passaporte,Viagens e Turismo,2026-03-06,17,Atrasado,3.6,False
1434,157.384.602-35,carteira-trabalho,Carteira de Trabalho Digital,Trabalho e Previdência,2026-07-27,3,Em andamento,4.1,False
1435,739.028.654-74,carteira-trabalho,Carteira de Trabalho Digital,Trabalho e Previdência,2025-10-28,5,Concluído,3.2,False
1436,739.028.654-74,consultar-restituicao,Consultar Restituição,Finanças e Impostos,2026-04-13,1,Concluído,3.1,False
1437,739.028.654-74,consultar-imposto-renda,Consultar Imposto de Renda,Finanças e Impostos,2026-03-06,1,Concluído,2.5,False
1438,673.019.852-40,cnh-digital,CNH Digital e Segunda Via,Trânsito,2026-01-20,12,Concluído,3.0,False
1439,834.105.962-24,assinatura-eletronica,Assinatura Eletrônica,Identidade Digital,2026-08-03,2,Concluído,5.0,False
1440,834.105.962-24,cnh-digital,CNH Digital e Segunda Via,Trânsito,2026-05-22,13,Concluído,3.8,False
1441,834.105.962-24,passaporte,Solicitar Passaporte,Viagens e Turismo,2026-07-28,13,Concluído,3.4,False
1442,960.481.723-03,entregar-imposto-renda,Entregar Imposto de Renda,Finanças e Impostos,2026-04-01,6,Concluído,4.4,False
1443,960.481.723-03,carteira-trabalho,Carteira de Trabalho Digital,Trabalho e Previdência,2026-06-12,2,Concluído,4.1,False
1444,960.481.723-03,consultar-imposto-renda,Consultar Imposto de Renda,Finanças e Impostos,2025-12-17,1,Concluído,4.4,False
1445,960.481.723-03,assinatura-eletronica,Assinatura Eletrônica,Identidade Digital,2025-10-16,2,Atrasado,5.0,False
1446,807.613.942-22,cnh-digital,CNH Digital e Segunda Via,Trânsito,2025-09-24,10,Concluído,4.4,True
1447,807.613.942-22,carteira-trabalho,Carteira de Trabalho Digital,Trabalho e Previdência,2026-07-11,2,Concluído,3.2,False
1448,905.628.714-11,assinatura-eletronica,Assinatura Eletrônica,Identidade Digital,2026-07-13,1,Concluído,4.6,False
1449,528.439.761-46,passaporte,Solicitar Passaporte,Viagens e Turismo,2026-08-22,18,Atrasado,3.6,False
1450,528.439.761-46,assinatura-eletronica,Assinatura Eletrônica,Identidade Digital,2026-01-30,2,Concluído,5.0,False
1451,528.439.761-46,consultar-imposto-renda,Consultar Imposto de Renda,Finanças e Impostos,2026-03-18,1,Concluído,3.9,False
1452,528.439.761-46,entregar-imposto-renda,Entregar Imposto de Renda,Finanças e Impostos,2025-10-10,4,Concluído,3.5,False
1453,617.549.028-20,cnh-digital,CNH Digital e Segunda Via,Trânsito,2025-11-10,3,Concluído,3.4,False
1454,617.549.028-20,consultar-imposto-renda,Consultar Imposto de Renda,Finanças e Impostos,2026-02-10,2,Concluído,4.5,False
1455,617.549.028-20,passaporte,Solicitar Passaporte,Viagens e Turismo,2026-06-23,10,Concluído,3.9,False
1456,371.295.408-50,passaporte,Solicitar Passaporte,Viagens e Turismo,2026-08-09,9,Concluído,3.5,False
1457,371.295.408-50,consultar-imposto-renda,Consultar Imposto de Renda,Finanças e Impostos,2025-10-19,1,Concluído,4.8,False
1458,371.295.408-50,carteira-trabalho,Carteira de Trabalho Digital,Trabalho e Previdência,2025-12-27,3,Concluído,3.2,False
1459,371.295.408-50,cnh-digital,CNH Digital e Segunda Via,Trânsito,2026-02-04,1,Concluído,4.8,False
1460,092.674.518-20,passaporte,Solicitar Passaporte,Viagens e Turismo,2025-12-08,8,Concluído,4.1,False
1461,629.841.307-31,cnh-digital,CNH Digital e Segunda Via,Trânsito,2026-05-22,8,Em andamento,4.0,False
1462,629.841.307-31,entregar-imposto-renda,Entregar Imposto de Renda,Finanças e Impostos,2026-07-13,4,Concluído,4.8,False
1463,629.841.307-31,consultar-imposto-renda,Consultar Imposto de Renda,Finanças e Impostos,2026-01-07,2,Concluído,4.6,False
1464,106.854.972-67,carteira-trabalho,Carteira de Trabalho Digital,Trabalho e Previdência,2026-07-26,6,Em andamento,3.4,False
1465,106.854.972-67,entregar-imposto-renda,Entregar Imposto de Renda,Finanças e Impostos,2025-10-02,5,Concluído,3.8,False
1466,106.854.972-67,cnh-digital,CNH Digital e Segunda Via,Trânsito,2026-02-20,6,Concluído,3.7,False
1467,389.572.016-02,passaporte,Solicitar Passaporte,Viagens e Turismo,2026-07-03,6,Concluído,4.5,False
1468,389.572.016-02,consultar-imposto-renda,Consultar Imposto de Renda,Finanças e Impostos,2025-10-22,2,Concluído,4.1,False
1469,421.038.756-80,passaporte,Solicitar Passaporte,Viagens e Turismo,2026-03-17,14,Concluído,3.1,False
1470,421.038.756-80,consultar-restituicao,Consultar Restituição,Finanças e Impostos,2026-02-07,1,Concluído,4.4,False
1471,421.038.756-80,consultar-imposto-renda,Consultar Imposto de Renda,Finanças e Impostos,2026-05-20,1,Em andamento,5.0,False
1472,421.038.756-80,cnh-digital,CNH Digital e Segunda Via,Trânsito,2026-04-07,11,Concluído,3.0,False
1473,728.901.534-79,consultar-imposto-renda,Consultar Imposto de Renda,Finanças e Impostos,2025-11-24,2,Concluído,4.6,False
1474,823.690.147-50,cnh-digital,CNH Digital e Segunda Via,Trânsito,2026-01-12,2,Concluído,3.7,False
1475,823.690.147-50,assinatura-eletronica,Assinatura Eletrônica,Identidade Digital,2026-07-13,1,Concluído,5.0,False
1476,823.690.147-50,consultar-restituicao,Consultar Restituição,Finanças e Impostos,2026-09-11,1,Concluído,3.6,False
1477,823.690.147-50,consultar-imposto-renda,Consultar Imposto de Renda,Finanças e Impostos,2026-05-12,2,Concluído,4.3,False
1478,847.536.901-48,carteira-trabalho,Carteira de Trabalho Digital,Trabalho e Previdência,2026-01-28,9,Em andamento,3.4,False
1479,764.829.051-02,entregar-imposto-renda,Entregar Imposto de Renda,Finanças e Impostos,2026-07-08,1,Concluído,3.8,False
1480,964.758.210-20,consultar-imposto-renda,Consultar Imposto de Renda,Finanças e Impostos,2025-10-02,1,Concluído,5.0,False
1481,964.758.210-20,entregar-imposto-renda,Entregar Imposto de Renda,Finanças e Impostos,2026-07-16,3,Concluído,4.6,False
1482,964.758.210-20,assinatura-eletronica,Assinatura Eletrônica,Identidade Digital,2026-09-13,1,Concluído,3.8,False
1483,964.758.210-20,passaporte,Solicitar Passaporte,Viagens e Turismo,2026-04-11,24,Concluído,3.1,False
1484,251.096.847-58,consultar-restituicao,Consultar Restituição,Finanças e Impostos,2025-11-02,1,Concluído,4.3,False
1485,841.953.672-55,entregar-imposto-renda,Entregar Imposto de Renda,Finanças e Impostos,2026-09-12,1,Concluído,4.7,False
1486,841.953.672-55,cnh-digital,CNH Digital e Segunda Via,Trânsito,2026-09-10,11,Concluído,4.1,False
1487,841.953.672-55,passaporte,Solicitar Passaporte,Viagens e Turismo,2026-06-28,2,Concluído,4.5,False
1488,841.953.672-55,assinatura-eletronica,Assinatura Eletrônica,Identidade Digital,2025-10-13,1,Concluído,5.0,False
1489,256.140.983-05,consultar-restituicao,Consultar Restituição,Finanças e Impostos,2026-04-30,2,Concluído,4.9,False
1490,256.140.983-05,consultar-imposto-renda,Consultar Imposto de Renda,Finanças e Impostos,2026-06-24,2,Concluído,5.0,False
1491,256.140.983-05,carteira-trabalho,Carteira de Trabalho Digital,Trabalho e Previdência,2025-09-16,6,Concluído,4.0,False
1492,716.529.483-09,assinatura-eletronica,Assinatura Eletrônica,Identidade Digital,2026-01-12,3,Concluído,4.2,False
1493,716.529.483-09,consultar-imposto-renda,Consultar Imposto de Renda,Finanças e Impostos,2026-01-07,1,Concluído,4.0,False
1494,716.529.483-09,passaporte,Solicitar Passaporte,Viagens e Turismo,2026-04-01,12,Concluído,2.8,False
1495,510.879.643-93,consultar-imposto-renda,Consultar Imposto de Renda,Finanças e Impostos,2026-07-12,2,Concluído,4.9,False
1496,510.879.643-93,assinatura-eletronica,Assinatura Eletrônica,Identidade Digital,2026-05-16,3,Concluído,5.0,False
1497,510.879.643-93,passaporte,Solicitar Passaporte,Viagens e Turismo,2025-11-13,12,Concluído,3.2,False
1498,510.879.643-93,carteira-trabalho,Carteira de Trabalho Digital,Trabalho e Previdência,2026-01-09,7,Concluído,3.9,False
1499,019.276.438-13,consultar-imposto-renda,Consultar Imposto de Renda,Finanças e Impostos,2026-07-18,3,Concluído,2.8,False
1500,019.276.438-13,entregar-imposto-renda,Entregar Imposto de Renda,Finanças e Impostos,2026-02-07,4,Concluído,4.8,False
1501,183.475.296-55,consultar-imposto-renda,Consultar Imposto de Renda,Finanças e Impostos,2025-10-27,1,Concluído,4.0,False
1502,183.475.296-55,carteira-trabalho,Carteira de Trabalho Digital,Trabalho e Previdência,2026-08-26,5,Concluído,4.0,True
1503,170.986.345-57,assinatura-eletronica,Assinatura Eletrônica,Identidade Digital,2026-03-04,1,Concluído,4.9,False
1504,170.986.345-57,cnh-digital,CNH Digital e Segunda Via,Trânsito,2026-05-19,9,Concluído,4.3,False
1505,123.875.940-88,entregar-imposto-renda,Entregar Imposto de Renda,Finanças e Impostos,2026-07-20,3,Concluído,4.4,False
1506,307.128.956-12,consultar-imposto-renda,Consultar Imposto de Renda,Finanças e Impostos,2026-08-25,2,Concluído,4.3,False
1507,307.128.956-12,entregar-imposto-renda,Entregar Imposto de Renda,Finanças e Impostos,2026-04-21,1,Concluído,4.1,False
1508,307.128.956-12,assinatura-eletronica,Assinatura Eletrônica,Identidade Digital,2026-06-12,1,Concluído,5.0,False
1509,307.128.956-12,cnh-digital,CNH Digital e Segunda Via,Trânsito,2026-07-19,9,Concluído,3.8,False
1510,507.268.491-11,entregar-imposto-renda,Entregar Imposto de Renda,Finanças e Impostos,2025-11-17,1,Concluído,3.8,False
1511,507.268.491-11,passaporte,Solicitar Passaporte,Viagens e Turismo,2026-05-30,10,Concluído,3.7,False
1512,507.268.491-11,cnh-digital,CNH Digital e Segunda Via,Trânsito,2025-10-27,8,Concluído,3.4,False
1513,031.795.426-16,consultar-imposto-renda,Consultar Imposto de Renda,Finanças e Impostos,2026-01-29,1,Concluído,4.2,False
1514,031.795.426-16,passaporte,Solicitar Passaporte,Viagens e Turismo,2026-03-23,10,Em andamento,4.4,False
1515,473.162.985-37,assinatura-eletronica,Assinatura Eletrônica,Identidade Digital,2026-06-08,1,Concluído,5.0,False
1516,473.162.985-37,consultar-imposto-renda,Consultar Imposto de Renda,Finanças e Impostos,2025-12-02,3,Concluído,4.1,False
1517,128.739.064-13,consultar-restituicao,Consultar Restituição,Finanças e Impostos,2026-08-11,1,Concluído,4.6,False
1518,907.613.842-78,consultar-imposto-renda,Consultar Imposto de Renda,Finanças e Impostos,2025-11-12,1,Concluído,5.0,False
1519,578.924.631-19,cnh-digital,CNH Digital e Segunda Via,Trânsito,2025-09-24,10,Concluído,4.7,False
1520,802.315.749-32,consultar-imposto-renda,Consultar Imposto de Renda,Finanças e Impostos,2026-02-02,1,Concluído,3.7,False
1521,824.596.371-28,carteira-trabalho,Carteira de Trabalho Digital,Trabalho e Previdência,2026-09-13,6,Concluído,4.0,False
1522,824.596.371-28,entregar-imposto-renda,Entregar Imposto de Renda,Finanças e Impostos,2025-12-26,1,Concluído,4.2,False
1523,824.596.371-28,consultar-imposto-renda,Consultar Imposto de Renda,Finanças e Impostos,2026-04-12,1,Concluído,3.9,False
1524,824.596.371-28,cnh-digital,CNH Digital e Segunda Via,Trânsito,2026-07-16,9,Concluído,3.9,True
1525,410.358.627-35,entregar-imposto-renda,Entregar Imposto de Renda,Finanças e Impostos,2026-04-29,3,Atrasado,3.8,False
1526,410.358.627-35,consultar-imposto-renda,Consultar Imposto de Renda,Finanças e Impostos,2026-05-30,1,Concluído,4.3,False
1527,034.679.512-52,entregar-imposto-renda,Entregar Imposto de Renda,Finanças e Impostos,2026-05-02,3,Concluído,3.3,False
1528,034.679.512-52,assinatura-eletronica,Assinatura Eletrônica,Identidade Digital,2026-04-01,2,Concluído,4.5,False
1529,034.679.512-52,carteira-trabalho,Carteira de Trabalho Digital,Trabalho e Previdência,2026-03-16,6,Concluído,5.0,False
1530,821.597.430-97,passaporte,Solicitar Passaporte,Viagens e Turismo,2025-09-27,6,Atrasado,4.4,False
1531,942.837.160-22,cnh-digital,CNH Digital e Segunda Via,Trânsito,2026-05-25,7,Concluído,4.1,False
1532,942.837.160-22,consultar-restituicao,Consultar Restituição,Finanças e Impostos,2026-02-24,1,Concluído,4.9,False
1533,268.014.395-70,consultar-imposto-renda,Consultar Imposto de Renda,Finanças e Impostos,2026-01-04,1,Concluído,4.6,False
1534,268.014.395-70,consultar-restituicao,Consultar Restituição,Finanças e Impostos,2026-06-10,1,Concluído,3.9,False
1535,268.014.395-70,assinatura-eletronica,Assinatura Eletrônica,Identidade Digital,2026-04-23,2,Concluído,4.6,False
1536,612.478.509-94,passaporte,Solicitar Passaporte,Viagens e Turismo,2026-07-03,16,Atrasado,4.0,False
1537,612.478.509-94,carteira-trabalho,Carteira de Trabalho Digital,Trabalho e Previdência,2026-07-25,5,Concluído,3.3,True
1538,612.478.509-94,consultar-imposto-renda,Consultar Imposto de Renda,Finanças e Impostos,2026-07-25,1,Concluído,4.4,False
1539,612.478.509-94,assinatura-eletronica,Assinatura Eletrônica,Identidade Digital,2025-10-20,1,Concluído,4.5,False
1540,415.902.368-15,consultar-imposto-renda,Consultar Imposto de Renda,Finanças e Impostos,2026-09-08,1,Concluído,4.2,False
1541,415.902.368-15,passaporte,Solicitar Passaporte,Viagens e Turismo,2025-12-11,12,Concluído,3.3,False
1542,415.902.368-15,carteira-trabalho,Carteira de Trabalho Digital,Trabalho e Previdência,2026-06-03,8,Atrasado,4.4,False
1543,248.503.169-05,consultar-imposto-renda,Consultar Imposto de Renda,Finanças e Impostos,2025-10-28,1,Concluído,4.3,False
1544,248.503.169-05,cnh-digital,CNH Digital e Segunda Via,Trânsito,2025-12-10,7,Em andamento,4.4,False
1545,248.503.169-05,assinatura-eletronica,Assinatura Eletrônica,Identidade Digital,2026-09-02,1,Concluído,5.0,False
1546,248.503.169-05,entregar-imposto-renda,Entregar Imposto de Renda,Finanças e Impostos,2026-04-21,4,Concluído,5.0,False
1547,087.395.216-21,consultar-restituicao,Consultar Restituição,Finanças e Impostos,2026-06-20,2,Concluído,4.5,False
1548,293.145.678-00,entregar-imposto-renda,Entregar Imposto de Renda,Finanças e Impostos,2026-03-28,6,Atrasado,4.8,False
1549,293.145.678-00,assinatura-eletronica,Assinatura Eletrônica,Identidade Digital,2025-11-09,2,Concluído,5.0,False
1550,293.145.678-00,carteira-trabalho,Carteira de Trabalho Digital,Trabalho e Previdência,2026-06-14,4,Concluído,3.3,False
1551,768.102.359-30,entregar-imposto-renda,Entregar Imposto de Renda,Finanças e Impostos,2026-01-02,1,Concluído,2.7,False
1552,768.102.359-30,assinatura-eletronica,Assinatura Eletrônica,Identidade Digital,2025-09-15,1,Concluído,3.6,False
1553,768.102.359-30,cnh-digital,CNH Digital e Segunda Via,Trânsito,2026-06-30,8,Concluído,3.4,False
1554,025.461.837-53,cnh-digital,CNH Digital e Segunda Via,Trânsito,2026-04-25,10,Concluído,4.1,False
1555,025.461.837-53,assinatura-eletronica,Assinatura Eletrônica,Identidade Digital,2026-03-18,1,Concluído,5.0,False
1556,025.461.837-53,passaporte,Solicitar Passaporte,Viagens e Turismo,2026-02-15,6,Concluído,3.3,False
1557,025.461.837-53,consultar-restituicao,Consultar Restituição,Finanças e Impostos,2025-10-15,2,Concluído,4.2,False
1558,461.853.970-48,carteira-trabalho,Carteira de Trabalho Digital,Trabalho e Previdência,2026-08-03,3,Concluído,3.3,False
1559,461.853.970-48,cnh-digital,CNH Digital e Segunda Via,Trânsito,2026-05-25,7,Concluído,3.3,False
1560,461.853.970-48,consultar-imposto-renda,Consultar Imposto de Renda,Finanças e Impostos,2026-09-06,1,Concluído,4.8,False
1561,461.853.970-48,consultar-restituicao,Consultar Restituição,Finanças e Impostos,2026-07-20,2,Concluído,4.7,False
1562,231.508.476-80,entregar-imposto-renda,Entregar Imposto de Renda,Finanças e Impostos,2026-07-03,4,Em andamento,3.2,False
1563,231.508.476-80,consultar-restituicao,Consultar Restituição,Finanças e Impostos,2026-05-30,1,Concluído,4.3,False
1564,017.624.938-96,consultar-restituicao,Consultar Restituição,Finanças e Impostos,2026-09-01,1,Concluído,3.9,False
1565,017.624.938-96,passaporte,Solicitar Passaporte,Viagens e Turismo,2026-07-22,11,Atrasado,3.6,False
1566,392.841.076-87,consultar-imposto-renda,Consultar Imposto de Renda,Finanças e Impostos,2026-03-11,1,Concluído,4.6,False
1567,527.164.389-19,consultar-imposto-renda,Consultar Imposto de Renda,Finanças e Impostos,2025-12-18,1,Concluído,3.8,False
1568,527.164.389-19,cnh-digital,CNH Digital e Segunda Via,Trânsito,2026-03-26,3,Concluído,4.0,True
1569,527.164.389-19,consultar-restituicao,Consultar Restituição,Finanças e Impostos,2026-08-15,1,Concluído,4.4,False
1570,527.164.389-19,passaporte,Solicitar Passaporte,Viagens e Turismo,2025-12-31,15,Concluído,4.3,False
1571,173.045.268-07,carteira-trabalho,Carteira de Trabalho Digital,Trabalho e Previdência,2025-09-16,6,Concluído,5.0,True
1572,173.045.268-07,passaporte,Solicitar Passaporte,Viagens e Turismo,2026-03-05,15,Concluído,3.8,False
1573,173.045.268-07,entregar-imposto-renda,Entregar Imposto de Renda,Finanças e Impostos,2025-11-02,5,Concluído,4.1,False
1574,173.045.268-07,cnh-digital,CNH Digital e Segunda Via,Trânsito,2025-12-02,7,Concluído,3.6,False
1575,984.370.521-14,cnh-digital,CNH Digital e Segunda Via,Trânsito,2026-03-08,7,Concluído,3.4,True
1576,984.370.521-14,consultar-restituicao,Consultar Restituição,Finanças e Impostos,2025-11-10,1,Concluído,4.0,False
1577,984.370.521-14,consultar-imposto-renda,Consultar Imposto de Renda,Finanças e Impostos,2026-06-23,1,Concluído,4.2,False
1578,984.370.521-14,assinatura-eletronica,Assinatura Eletrônica,Identidade Digital,2026-04-09,1,Concluído,5.0,False
1579,503.784.916-01,entregar-imposto-renda,Entregar Imposto de Renda,Finanças e Impostos,2025-11-27,1,Concluído,3.6,False
1580,503.784.916-01,assinatura-eletronica,Assinatura Eletrônica,Identidade Digital,2026-08-22,1,Concluído,4.7,False
1581,835.962.104-70,cnh-digital,CNH Digital e Segunda Via,Trânsito,2026-01-01,10,Concluído,4.6,False
1582,835.962.104-70,entregar-imposto-renda,Entregar Imposto de Renda,Finanças e Impostos,2025-09-20,2,Em andamento,3.4,False
1583,835.962.104-70,consultar-restituicao,Consultar Restituição,Finanças e Impostos,2025-12-31,1,Concluído,4.2,False
1584,268.410.375-53,consultar-restituicao,Consultar Restituição,Finanças e Impostos,2026-06-24,2,Concluído,5.0,False
1585,268.410.375-53,carteira-trabalho,Carteira de Trabalho Digital,Trabalho e Previdência,2026-07-29,7,Concluído,3.5,False
1586,268.410.375-53,assinatura-eletronica,Assinatura Eletrônica,Identidade Digital,2026-07-04,1,Em andamento,4.2,False
1587,268.410.375-53,entregar-imposto-renda,Entregar Imposto de Renda,Finanças e Impostos,2025-11-07,1,Concluído,2.8,False
1588,680.971.532-03,entregar-imposto-renda,Entregar Imposto de Renda,Finanças e Impostos,2026-03-14,1,Concluído,2.9,False
1589,680.971.532-03,cnh-digital,CNH Digital e Segunda Via,Trânsito,2025-09-15,9,Concluído,3.1,False
1590,671.509.234-61,consultar-imposto-renda,Consultar Imposto de Renda,Finanças e Impostos,2025-11-28,1,Concluído,3.8,False
1591,891.023.476-87,cnh-digital,CNH Digital e Segunda Via,Trânsito,2025-12-08,12,Em andamento,2.9,False
1592,891.023.476-87,entregar-imposto-renda,Entregar Imposto de Renda,Finanças e Impostos,2026-06-20,4,Concluído,3.8,False
1593,378.069.512-02,entregar-imposto-renda,Entregar Imposto de Renda,Finanças e Impostos,2026-06-15,3,Atrasado,3.3,False
1594,378.069.512-02,assinatura-eletronica,Assinatura Eletrônica,Identidade Digital,2026-01-31,1,Concluído,4.3,False
1595,378.069.512-02,passaporte,Solicitar Passaporte,Viagens e Turismo,2025-11-27,7,Concluído,3.8,False
1596,670.193.524-99,cnh-digital,CNH Digital e Segunda Via,Trânsito,2026-03-11,3,Concluído,3.6,True
1597,670.193.524-99,carteira-trabalho,Carteira de Trabalho Digital,Trabalho e Previdência,2026-02-15,3,Atrasado,3.6,False
1598,670.193.524-99,consultar-imposto-renda,Consultar Imposto de Renda,Finanças e Impostos,2025-10-20,2,Concluído,4.7,False
1599,670.193.524-99,consultar-restituicao,Consultar Restituição,Finanças e Impostos,2025-12-01,3,Concluído,4.6,False
1600,930.254.817-14,carteira-trabalho,Carteira de Trabalho Digital,Trabalho e Previdência,2026-08-08,6,Concluído,4.8,False
1601,930.254.817-14,consultar-restituicao,Consultar Restituição,Finanças e Impostos,2026-01-18,1,Concluído,3.5,False
1602,320.856.791-02,consultar-imposto-renda,Consultar Imposto de Renda,Finanças e Impostos,2026-07-21,3,Concluído,3.6,False
1603,542.360.981-05,consultar-restituicao,Consultar Restituição,Finanças e Impostos,2026-08-12,1,Concluído,5.0,False
1604,542.360.981-05,entregar-imposto-renda,Entregar Imposto de Renda,Finanças e Impostos,2025-09-20,3,Concluído,3.6,False
1605,724.685.309-00,consultar-restituicao,Consultar Restituição,Finanças e Impostos,2025-10-22,1,Atrasado,5.0,False
1606,724.685.309-00,consultar-imposto-renda,Consultar Imposto de Renda,Finanças e Impostos,2026-08-14,2,Concluído,4.1,False
1607,950.481.726-20,consultar-imposto-renda,Consultar Imposto de Renda,Finanças e Impostos,2025-09-29,1,Concluído,4.5,False
1608,950.481.726-20,assinatura-eletronica,Assinatura Eletrônica,Identidade Digital,2026-07-04,2,Concluído,4.9,False
1609,950.481.726-20,cnh-digital,CNH Digital e Segunda Via,Trânsito,2025-09-15,4,Concluído,3.9,False
1610,950.481.726-20,passaporte,Solicitar Passaporte,Viagens e Turismo,2026-06-12,13,Em andamento,3.6,False
1611,871.409.632-31,consultar-imposto-renda,Consultar Imposto de Renda,Finanças e Impostos,2026-02-12,1,Concluído,4.4,False
1612,871.409.632-31,cnh-digital,CNH Digital e Segunda Via,Trânsito,2025-09-23,1,Concluído,4.2,False
1613,871.409.632-31,entregar-imposto-renda,Entregar Imposto de Renda,Finanças e Impostos,2025-12-01,3,Concluído,3.1,False
1614,574.801.296-02,entregar-imposto-renda,Entregar Imposto de Renda,Finanças e Impostos,2026-04-05,7,Em andamento,4.0,False
1615,574.801.296-02,passaporte,Solicitar Passaporte,Viagens e Turismo,2026-04-05,23,Concluído,4.8,False
1616,261.074.398-03,consultar-restituicao,Consultar Restituição,Finanças e Impostos,2026-07-12,1,Concluído,3.9,False
1617,375.801.924-97,consultar-imposto-renda,Consultar Imposto de Renda,Finanças e Impostos,2026-06-10,1,Concluído,4.7,False
1618,632.418.579-64,consultar-imposto-renda,Consultar Imposto de Renda,Finanças e Impostos,2025-10-02,1,Concluído,4.3,False
1619,632.418.579-64,entregar-imposto-renda,Entregar Imposto de Renda,Finanças e Impostos,2026-09-06,3,Concluído,4.4,False
1620,632.418.579-64,cnh-digital,CNH Digital e Segunda Via,Trânsito,2026-07-13,6,Concluído,2.9,False
1621,632.418.579-64,carteira-trabalho,Carteira de Trabalho Digital,Trabalho e Previdência,2026-03-18,6,Em andamento,3.0,False
1622,270.183.946-78,consultar-restituicao,Consultar Restituição,Finanças e Impostos,2025-12-11,1,Concluído,4.7,False
1623,270.183.946-78,entregar-imposto-renda,Entregar Imposto de Renda,Finanças e Impostos,2025-10-01,2,Concluído,4.1,False
1624,270.183.946-78,consultar-imposto-renda,Consultar Imposto de Renda,Finanças e Impostos,2026-07-26,3,Concluído,4.3,False
1625,270.183.946-78,carteira-trabalho,Carteira de Trabalho Digital,Trabalho e Previdência,2025-10-17,11,Concluído,3.7,False
1626,652.384.179-00,passaporte,Solicitar Passaporte,Viagens e Turismo,2026-01-30,2,Concluído,3.8,False
1627,679.231.480-31,consultar-imposto-renda,Consultar Imposto de Renda,Finanças e Impostos,2026-07-18,1,Concluído,4.9,False
1628,679.231.480-31,cnh-digital,CNH Digital e Segunda Via,Trânsito,2026-01-20,2,Concluído,4.3,False
1629,679.231.480-31,consultar-restituicao,Consultar Restituição,Finanças e Impostos,2026-09-11,2,Concluído,4.1,False
1630,679.231.480-31,carteira-trabalho,Carteira de Trabalho Digital,Trabalho e Previdência,2026-04-30,6,Atrasado,3.3,False
1631,941.723.506-07,assinatura-eletronica,Assinatura Eletrônica,Identidade Digital,2026-08-29,2,Concluído,4.6,False
1632,941.723.506-07,consultar-restituicao,Consultar Restituição,Finanças e Impostos,2025-12-23,2,Concluído,3.8,False
1633,951.267.048-85,consultar-imposto-renda,Consultar Imposto de Renda,Finanças e Impostos,2025-11-03,1,Concluído,3.4,False
1634,951.267.048-85,carteira-trabalho,Carteira de Trabalho Digital,Trabalho e Previdência,2025-11-23,1,Concluído,4.2,False
1635,951.267.048-85,consultar-restituicao,Consultar Restituição,Finanças e Impostos,2026-02-20,2,Concluído,4.1,False
1636,951.267.048-85,cnh-digital,CNH Digital e Segunda Via,Trânsito,2026-07-26,8,Concluído,3.4,False
1637,132.046.958-24,cnh-digital,CNH Digital e Segunda Via,Trânsito,2026-04-02,8,Concluído,4.0,False
1638,132.046.958-24,passaporte,Solicitar Passaporte,Viagens e Turismo,2025-11-15,16,Concluído,4.5,False
1639,132.046.958-24,entregar-imposto-renda,Entregar Imposto de Renda,Finanças e Impostos,2026-08-05,3,Concluído,3.8,False
1640,132.046.958-24,consultar-imposto-renda,Consultar Imposto de Renda,Finanças e Impostos,2026-01-25,1,Concluído,3.5,False
1641,176.320.984-96,entregar-imposto-renda,Entregar Imposto de Renda,Finanças e Impostos,2025-12-14,4,Concluído,3.1,False
1642,176.320.984-96,consultar-imposto-renda,Consultar Imposto de Renda,Finanças e Impostos,2026-03-05,1,Concluído,3.4,False
1643,506.894.273-10,passaporte,Solicitar Passaporte,Viagens e Turismo,2025-10-23,23,Concluído,3.7,False
1644,506.894.273-10,assinatura-eletronica,Assinatura Eletrônica,Identidade Digital,2025-11-13,1,Concluído,4.8,False
1645,742.150.683-71,assinatura-eletronica,Assinatura Eletrônica,Identidade Digital,2026-01-04,2,Concluído,3.5,False
1646,742.150.683-71,cnh-digital,CNH Digital e Segunda Via,Trânsito,2026-07-25,7,Concluído,3.7,False
1647,635.841.207-80,consultar-imposto-renda,Consultar Imposto de Renda,Finanças e Impostos,2025-09-28,1,Concluído,4.9,False
1648,146.329.705-06,cnh-digital,CNH Digital e Segunda Via,Trânsito,2026-09-09,12,Concluído,3.2,False
1649,146.329.705-06,consultar-imposto-renda,Consultar Imposto de Renda,Finanças e Impostos,2026-07-16,4,Concluído,4.0,False
1650,146.329.705-06,passaporte,Solicitar Passaporte,Viagens e Turismo,2025-11-04,12,Concluído,3.8,False
1651,146.329.705-06,entregar-imposto-renda,Entregar Imposto de Renda,Finanças e Impostos,2026-05-07,4,Concluído,3.7,False
1652,630.294.187-31,carteira-trabalho,Carteira de Trabalho Digital,Trabalho e Previdência,2025-12-26,5,Concluído,3.2,False
1653,047.512.968-76,entregar-imposto-renda,Entregar Imposto de Renda,Finanças e Impostos,2026-07-06,4,Em andamento,4.9,False
1654,980.573.621-03,consultar-imposto-renda,Consultar Imposto de Renda,Finanças e Impostos,2026-01-18,1,Concluído,3.6,False
1655,980.573.621-03,assinatura-eletronica,Assinatura Eletrônica,Identidade Digital,2026-02-22,2,Concluído,4.4,False
1656,980.573.621-03,entregar-imposto-renda,Entregar Imposto de Renda,Finanças e Impostos,2026-04-24,4,Concluído,3.8,False
1657,980.573.621-03,carteira-trabalho,Carteira de Trabalho Digital,Trabalho e Previdência,2025-11-18,3,Em andamento,4.6,False
1658,258.314.709-97,carteira-trabalho,Carteira de Trabalho Digital,Trabalho e Previdência,2025-10-31,7,Concluído,4.0,False
1659,258.314.709-97,passaporte,Solicitar Passaporte,Viagens e Turismo,2025-10-26,14,Atrasado,3.2,False
1660,258.314.709-97,entregar-imposto-renda,Entregar Imposto de Renda,Finanças e Impostos,2026-05-08,2,Concluído,3.6,False
1661,258.314.709-97,cnh-digital,CNH Digital e Segunda Via,Trânsito,2025-10-19,12,Concluído,3.5,True
1662,390.257.861-03,consultar-restituicao,Consultar Restituição,Finanças e Impostos,2026-05-12,2,Concluído,4.9,False
1663,390.257.861-03,consultar-imposto-renda,Consultar Imposto de Renda,Finanças e Impostos,2026-04-07,2,Concluído,4.7,False
1664,390.257.861-03,entregar-imposto-renda,Entregar Imposto de Renda,Finanças e Impostos,2026-03-30,3,Concluído,4.7,False
1665,821.543.796-64,carteira-trabalho,Carteira de Trabalho Digital,Trabalho e Previdência,2026-03-01,5,Concluído,4.0,False
1666,821.543.796-64,assinatura-eletronica,Assinatura Eletrônica,Identidade Digital,2025-11-07,3,Concluído,4.2,False
1667,461.739.285-82,passaporte,Solicitar Passaporte,Viagens e Turismo,2026-06-05,15,Concluído,4.8,False
1668,461.739.285-82,consultar-restituicao,Consultar Restituição,Finanças e Impostos,2026-04-27,1,Concluído,4.6,False
1669,461.739.285-82,entregar-imposto-renda,Entregar Imposto de Renda,Finanças e Impostos,2026-03-31,2,Concluído,3.7,False
1670,461.739.285-82,carteira-trabalho,Carteira de Trabalho Digital,Trabalho e Previdência,2026-09-05,2,Atrasado,2.7,False
1671,173.408.962-87,assinatura-eletronica,Assinatura Eletrônica,Identidade Digital,2026-03-26,1,Concluído,4.4,False
1672,173.408.962-87,carteira-trabalho,Carteira de Trabalho Digital,Trabalho e Previdência,2026-02-14,5,Concluído,3.1,False
1673,173.408.962-87,passaporte,Solicitar Passaporte,Viagens e Turismo,2025-12-04,13,Concluído,3.1,False
1674,173.408.962-87,cnh-digital,CNH Digital e Segunda Via,Trânsito,2026-04-15,7,Atrasado,3.1,True
1675,312.946.805-60,carteira-trabalho,Carteira de Trabalho Digital,Trabalho e Previdência,2026-05-23,5,Concluído,3.6,False
1676,312.946.805-60,assinatura-eletronica,Assinatura Eletrônica,Identidade Digital,2025-09-27,1,Concluído,4.2,False
1677,312.946.805-60,passaporte,Solicitar Passaporte,Viagens e Turismo,2026-03-10,15,Concluído,3.1,False
1678,387.492.156-55,entregar-imposto-renda,Entregar Imposto de Renda,Finanças e Impostos,2026-08-23,6,Concluído,4.8,False
1679,281.763.045-90,passaporte,Solicitar Passaporte,Viagens e Turismo,2026-04-29,8,Concluído,2.5,False
1680,281.763.045-90,carteira-trabalho,Carteira de Trabalho Digital,Trabalho e Previdência,2026-07-15,8,Concluído,4.5,False
1681,281.763.045-90,consultar-restituicao,Consultar Restituição,Finanças e Impostos,2026-02-15,1,Concluído,3.8,False
1682,164.582.739-91,carteira-trabalho,Carteira de Trabalho Digital,Trabalho e Previdência,2025-10-11,3,Concluído,3.6,False
1683,164.582.739-91,consultar-restituicao,Consultar Restituição,Finanças e Impostos,2026-07-29,1,Concluído,5.0,False
1684,735.961.428-73,passaporte,Solicitar Passaporte,Viagens e Turismo,2026-06-01,11,Concluído,3.6,False
1685,735.961.428-73,cnh-digital,CNH Digital e Segunda Via,Trânsito,2026-05-29,11,Em andamento,3.7,True
1686,187.205.364-53,cnh-digital,CNH Digital e Segunda Via,Trânsito,2025-12-18,5,Atrasado,3.7,False
1687,187.205.364-53,carteira-trabalho,Carteira de Trabalho Digital,Trabalho e Previdência,2025-12-30,6,Em andamento,3.8,False
1688,645.832.109-06,cnh-digital,CNH Digital e Segunda Via,Trânsito,2026-06-10,12,Concluído,4.0,False
1689,645.832.109-06,consultar-restituicao,Consultar Restituição,Finanças e Impostos,2025-11-23,1,Concluído,4.2,False
1690,947.160.582-20,consultar-imposto-renda,Consultar Imposto de Renda,Finanças e Impostos,2026-09-06,1,Concluído,4.1,False
1691,675.240.193-43,entregar-imposto-renda,Entregar Imposto de Renda,Finanças e Impostos,2026-03-17,2,Concluído,4.0,False
1692,675.240.193-43,cnh-digital,CNH Digital e Segunda Via,Trânsito,2025-12-28,6,Concluído,4.3,True
1693,675.240.193-43,assinatura-eletronica,Assinatura Eletrônica,Identidade Digital,2026-03-03,1,Concluído,4.0,False
1694,675.240.193-43,carteira-trabalho,Carteira de Trabalho Digital,Trabalho e Previdência,2026-02-20,6,Concluído,4.0,False
1695,426.935.870-00,passaporte,Solicitar Passaporte,Viagens e Turismo,2026-08-20,4,Concluído,2.6,False
1696,638.721.094-13,assinatura-eletronica,Assinatura Eletrônica,Identidade Digital,2025-11-24,1,Concluído,4.8,False
1697,476.052.938-10,carteira-trabalho,Carteira de Trabalho Digital,Trabalho e Previdência,2026-02-19,4,Concluído,3.8,False
1698,476.052.938-10,passaporte,Solicitar Passaporte,Viagens e Turismo,2026-04-30,9,Concluído,3.8,False
1699,810.274.965-20,passaporte,Solicitar Passaporte,Viagens e Turismo,2026-09-13,17,Concluído,4.2,False
1700,810.274.965-20,carteira-trabalho,Carteira de Trabalho Digital,Trabalho e Previdência,2026-01-13,5,Concluído,2.4,False
1701,810.274.965-20,entregar-imposto-renda,Entregar Imposto de Renda,Finanças e Impostos,2025-10-01,4,Em andamento,4.1,False
1702,430.256.198-05,passaporte,Solicitar Passaporte,Viagens e Turismo,2026-01-15,11,Atrasado,3.9,False
1703,412.307.896-69,passaporte,Solicitar Passaporte,Viagens e Turismo,2025-11-14,8,Concluído,4.3,False
1704,412.307.896-69,assinatura-eletronica,Assinatura Eletrônica,Identidade Digital,2026-05-11,1,Concluído,4.6,False
1705,192.508.736-03,cnh-digital,CNH Digital e Segunda Via,Trânsito,2025-12-31,9,Concluído,4.0,False
1706,192.508.736-03,consultar-imposto-renda,Consultar Imposto de Renda,Finanças e Impostos,2026-03-27,1,Em andamento,4.6,False
1707,192.508.736-03,carteira-trabalho,Carteira de Trabalho Digital,Trabalho e Previdência,2026-01-08,5,Em andamento,4.3,False
1708,324.098.156-42,assinatura-eletronica,Assinatura Eletrônica,Identidade Digital,2026-07-01,3,Concluído,4.4,False
1709,324.098.156-42,entregar-imposto-renda,Entregar Imposto de Renda,Finanças e Impostos,2026-07-04,3,Concluído,4.0,False
1710,324.098.156-42,carteira-trabalho,Carteira de Trabalho Digital,Trabalho e Previdência,2025-09-23,7,Concluído,3.5,False
1711,324.098.156-42,cnh-digital,CNH Digital e Segunda Via,Trânsito,2026-03-05,2,Atrasado,2.5,False
1712,741.328.596-73,carteira-trabalho,Carteira de Trabalho Digital,Trabalho e Previdência,2026-03-29,3,Em andamento,4.0,True
1713,741.328.596-73,consultar-imposto-renda,Consultar Imposto de Renda,Finanças e Impostos,2025-12-22,1,Concluído,3.2,False
1714,741.328.596-73,entregar-imposto-renda,Entregar Imposto de Renda,Finanças e Impostos,2026-01-25,1,Concluído,3.5,False
1715,741.328.596-73,cnh-digital,CNH Digital e Segunda Via,Trânsito,2026-07-20,12,Concluído,3.6,False
1716,435.796.208-00,carteira-trabalho,Carteira de Trabalho Digital,Trabalho e Previdência,2025-10-30,4,Concluído,3.5,True
1717,435.796.208-00,entregar-imposto-renda,Entregar Imposto de Renda,Finanças e Impostos,2026-04-17,3,Concluído,3.9,False
1718,958.436.017-57,assinatura-eletronica,Assinatura Eletrônica,Identidade Digital,2026-01-07,1,Concluído,5.0,False
1719,279.603.481-03,assinatura-eletronica,Assinatura Eletrônica,Identidade Digital,2026-05-09,2,Concluído,5.0,False
1720,816.324.750-90,assinatura-eletronica,Assinatura Eletrônica,Identidade Digital,2026-04-29,2,Concluído,5.0,False
1721,816.324.750-90,passaporte,Solicitar Passaporte,Viagens e Turismo,2026-08-04,12,Em andamento,3.9,False
1722,014.682.359-15,consultar-restituicao,Consultar Restituição,Finanças e Impostos,2026-04-13,1,Concluído,4.3,False
1723,014.682.359-15,cnh-digital,CNH Digital e Segunda Via,Trânsito,2026-04-02,9,Concluído,3.4,False
1724,014.682.359-15,assinatura-eletronica,Assinatura Eletrônica,Identidade Digital,2026-02-13,1,Concluído,4.4,False
1725,014.682.359-15,entregar-imposto-renda,Entregar Imposto de Renda,Finanças e Impostos,2025-11-28,5,Concluído,3.6,False
1726,613.854.209-60,assinatura-eletronica,Assinatura Eletrônica,Identidade Digital,2025-09-24,1,Concluído,5.0,False
1727,613.854.209-60,consultar-imposto-renda,Consultar Imposto de Renda,Finanças e Impostos,2026-01-18,1,Em andamento,4.8,False
1728,613.854.209-60,carteira-trabalho,Carteira de Trabalho Digital,Trabalho e Previdência,2025-12-02,9,Concluído,3.8,True
1729,613.854.209-60,consultar-restituicao,Consultar Restituição,Finanças e Impostos,2026-04-13,1,Concluído,3.7,False
1730,162.793.854-00,assinatura-eletronica,Assinatura Eletrônica,Identidade Digital,2026-02-20,1,Concluído,4.0,False
1731,162.793.854-00,consultar-restituicao,Consultar Restituição,Finanças e Impostos,2025-12-23,1,Concluído,4.5,False
1732,162.793.854-00,consultar-imposto-renda,Consultar Imposto de Renda,Finanças e Impostos,2025-10-17,2,Concluído,4.8,False
1733,598.406.372-74,passaporte,Solicitar Passaporte,Viagens e Turismo,2025-11-19,8,Concluído,2.9,False
1734,598.406.372-74,entregar-imposto-renda,Entregar Imposto de Renda,Finanças e Impostos,2026-06-02,1,Em andamento,3.8,False
1735,598.406.372-74,assinatura-eletronica,Assinatura Eletrônica,Identidade Digital,2025-10-04,1,Concluído,4.3,False
1736,598.406.372-74,carteira-trabalho,Carteira de Trabalho Digital,Trabalho e Previdência,2026-09-11,6,Concluído,2.8,True
1737,269.783.401-03,carteira-trabalho,Carteira de Trabalho Digital,Trabalho e Previdência,2025-12-22,6,Concluído,3.8,False
1738,269.783.401-03,assinatura-eletronica,Assinatura Eletrônica,Identidade Digital,2026-01-30,1,Concluído,5.0,False
1739,602.714.395-99,consultar-imposto-renda,Consultar Imposto de Renda,Finanças e Impostos,2025-11-05,1,Concluído,3.2,False
1740,602.714.395-99,cnh-digital,CNH Digital e Segunda Via,Trânsito,2026-02-05,8,Concluído,3.8,False
1741,602.714.395-99,carteira-trabalho,Carteira de Trabalho Digital,Trabalho e Previdência,2026-05-14,7,Concluído,4.5,False
1742,602.714.395-99,entregar-imposto-renda,Entregar Imposto de Renda,Finanças e Impostos,2026-04-19,3,Concluído,4.2,False
1743,175.632.408-53,passaporte,Solicitar Passaporte,Viagens e Turismo,2026-03-01,11,Concluído,3.5,False
1744,175.632.408-53,entregar-imposto-renda,Entregar Imposto de Renda,Finanças e Impostos,2026-02-09,4,Concluído,4.3,False
1745,175.632.408-53,consultar-restituicao,Consultar Restituição,Finanças e Impostos,2026-02-27,2,Concluído,4.5,False
1746,760.329.415-07,assinatura-eletronica,Assinatura Eletrônica,Identidade Digital,2026-01-23,1,Concluído,5.0,False
1747,760.329.415-07,entregar-imposto-renda,Entregar Imposto de Renda,Finanças e Impostos,2025-12-31,4,Concluído,5.0,False
1748,760.329.415-07,consultar-imposto-renda,Consultar Imposto de Renda,Finanças e Impostos,2025-12-26,2,Concluído,4.6,False
1749,760.329.415-07,consultar-restituicao,Consultar Restituição,Finanças e Impostos,2025-11-30,1,Concluído,5.0,False
1750,456.032.987-74,cnh-digital,CNH Digital e Segunda Via,Trânsito,2026-02-25,14,Concluído,4.2,False
1751,456.032.987-74,passaporte,Solicitar Passaporte,Viagens e Turismo,2025-11-08,8,Atrasado,3.1,False
1752,456.032.987-74,entregar-imposto-renda,Entregar Imposto de Renda,Finanças e Impostos,2025-12-19,3,Concluído,4.8,False
1753,812.593.467-73,carteira-trabalho,Carteira de Trabalho Digital,Trabalho e Previdência,2026-08-11,10,Concluído,3.9,True
1754,812.593.467-73,cnh-digital,CNH Digital e Segunda Via,Trânsito,2026-07-22,2,Concluído,3.7,False
1755,812.593.467-73,consultar-restituicao,Consultar Restituição,Finanças e Impostos,2026-05-16,2,Concluído,5.0,False
1756,169.258.370-03,cnh-digital,CNH Digital e Segunda Via,Trânsito,2025-11-05,8,Concluído,3.9,False
1757,169.258.370-03,consultar-restituicao,Consultar Restituição,Finanças e Impostos,2026-03-07,1,Concluído,3.8,False
1758,169.258.370-03,assinatura-eletronica,Assinatura Eletrônica,Identidade Digital,2026-04-03,2,Concluído,5.0,False
1759,169.258.370-03,carteira-trabalho,Carteira de Trabalho Digital,Trabalho e Previdência,2025-10-23,4,Concluído,3.4,False
1760,893.502.761-86,consultar-imposto-renda,Consultar Imposto de Renda,Finanças e Impostos,2026-02-04,2,Concluído,3.3,False
1761,893.502.761-86,cnh-digital,CNH Digital e Segunda Via,Trânsito,2025-11-20,17,Concluído,3.9,True
1762,893.502.761-86,passaporte,Solicitar Passaporte,Viagens e Turismo,2026-07-05,16,Concluído,3.4,False
1763,630.981.245-98,entregar-imposto-renda,Entregar Imposto de Renda,Finanças e Impostos,2026-06-12,1,Concluído,2.5,False
1764,976.542.310-16,consultar-imposto-renda,Consultar Imposto de Renda,Finanças e Impostos,2026-01-01,1,Concluído,5.0,False
1765,976.542.310-16,cnh-digital,CNH Digital e Segunda Via,Trânsito,2026-07-06,9,Concluído,3.1,False
1766,976.542.310-16,carteira-trabalho,Carteira de Trabalho Digital,Trabalho e Previdência,2025-11-27,9,Concluído,4.1,True
1767,976.542.310-16,consultar-restituicao,Consultar Restituição,Finanças e Impostos,2026-05-19,2,Concluído,4.7,False
1768,264.307.591-99,cnh-digital,CNH Digital e Segunda Via,Trânsito,2025-09-19,3,Concluído,4.6,False
1769,264.307.591-99,entregar-imposto-renda,Entregar Imposto de Renda,Finanças e Impostos,2025-12-15,1,Em andamento,3.4,False
1770,264.307.591-99,consultar-restituicao,Consultar Restituição,Finanças e Impostos,2026-02-22,1,Concluído,4.0,False
1771,925.437.018-50,entregar-imposto-renda,Entregar Imposto de Renda,Finanças e Impostos,2026-03-25,2,Em andamento,4.1,False
1772,925.437.018-50,passaporte,Solicitar Passaporte,Viagens e Turismo,2026-06-02,4,Atrasado,3.5,False
1773,925.437.018-50,assinatura-eletronica,Assinatura Eletrônica,Identidade Digital,2026-08-14,1,Concluído,4.8,False
1774,925.437.018-50,carteira-trabalho,Carteira de Trabalho Digital,Trabalho e Previdência,2025-11-06,4,Concluído,2.6,False
1775,942.613.850-15,carteira-trabalho,Carteira de Trabalho Digital,Trabalho e Previdência,2025-12-06,4,Concluído,3.6,True
1776,942.613.850-15,passaporte,Solicitar Passaporte,Viagens e Turismo,2026-01-03,4,Concluído,3.8,False
1777,942.613.850-15,cnh-digital,CNH Digital e Segunda Via,Trânsito,2026-04-12,9,Concluído,2.5,False
1778,942.613.850-15,assinatura-eletronica,Assinatura Eletrônica,Identidade Digital,2026-09-01,1,Concluído,3.5,False
1779,367.892.504-92,passaporte,Solicitar Passaporte,Viagens e Turismo,2026-08-19,8,Concluído,4.2,False
1780,367.892.504-92,cnh-digital,CNH Digital e Segunda Via,Trânsito,2025-09-20,6,Concluído,3.8,False
1781,367.892.504-92,assinatura-eletronica,Assinatura Eletrônica,Identidade Digital,2026-03-10,1,Concluído,5.0,False
1782,367.892.504-92,consultar-restituicao,Consultar Restituição,Finanças e Impostos,2026-05-16,1,Concluído,5.0,False
1783,698.150.742-02,cnh-digital,CNH Digital e Segunda Via,Trânsito,2026-09-07,10,Concluído,3.4,True
1784,063.817.249-78,consultar-imposto-renda,Consultar Imposto de Renda,Finanças e Impostos,2026-03-19,1,Em andamento,3.5,False
1785,063.817.249-78,entregar-imposto-renda,Entregar Imposto de Renda,Finanças e Impostos,2026-02-23,2,Concluído,3.9,False
1786,063.817.249-78,assinatura-eletronica,Assinatura Eletrônica,Identidade Digital,2026-05-09,2,Concluído,4.4,False
1787,063.817.249-78,passaporte,Solicitar Passaporte,Viagens e Turismo,2026-03-16,20,Concluído,3.1,False
1788,793.548.106-75,entregar-imposto-renda,Entregar Imposto de Renda,Finanças e Impostos,2025-10-15,3,Concluído,5.0,False
1789,793.548.106-75,carteira-trabalho,Carteira de Trabalho Digital,Trabalho e Previdência,2025-12-11,4,Atrasado,3.6,False
1790,793.548.106-75,cnh-digital,CNH Digital e Segunda Via,Trânsito,2026-04-24,15,Em andamento,4.3,False
1791,687.930.514-84,assinatura-eletronica,Assinatura Eletrônica,Identidade Digital,2026-07-04,2,Concluído,4.7,False
1792,687.930.514-84,entregar-imposto-renda,Entregar Imposto de Renda,Finanças e Impostos,2026-01-25,3,Concluído,3.9,False
1793,876.905.134-84,entregar-imposto-renda,Entregar Imposto de Renda,Finanças e Impostos,2026-04-14,3,Concluído,3.7,False
1794,876.905.134-84,carteira-trabalho,Carteira de Trabalho Digital,Trabalho e Previdência,2025-11-06,5,Concluído,3.7,False
1795,876.905.134-84,consultar-restituicao,Consultar Restituição,Finanças e Impostos,2026-05-23,1,Concluído,4.9,False
1796,517.938.246-73,passaporte,Solicitar Passaporte,Viagens e Turismo,2026-04-11,21,Atrasado,4.0,False
1797,840.129.536-05,cnh-digital,CNH Digital e Segunda Via,Trânsito,2026-05-27,8,Em andamento,3.2,False
1798,840.129.536-05,entregar-imposto-renda,Entregar Imposto de Renda,Finanças e Impostos,2026-08-16,4,Atrasado,3.2,False
1799,840.129.536-05,carteira-trabalho,Carteira de Trabalho Digital,Trabalho e Previdência,2026-04-20,9,Concluído,2.5,False
1800,469.510.823-24,consultar-imposto-renda,Consultar Imposto de Renda,Finanças e Impostos,2026-05-16,1,Concluído,4.4,False
1801,469.510.823-24,consultar-restituicao,Consultar Restituição,Finanças e Impostos,2026-04-27,2,Concluído,4.7,False
1802,469.510.823-24,passaporte,Solicitar Passaporte,Viagens e Turismo,2026-03-26,11,Concluído,3.7,False
1803,567.914.308-93,passaporte,Solicitar Passaporte,Viagens e Turismo,2026-09-08,17,Concluído,4.3,False
1804,567.914.308-93,entregar-imposto-renda,Entregar Imposto de Renda,Finanças e Impostos,2026-05-02,4,Concluído,3.4,False
1805,567.914.308-93,carteira-trabalho,Carteira de Trabalho Digital,Trabalho e Previdência,2026-09-10,1,Concluído,3.9,False
1806,913.275.064-16,consultar-restituicao,Consultar Restituição,Finanças e Impostos,2025-11-22,2,Concluído,4.3,False
1807,913.275.064-16,assinatura-eletronica,Assinatura Eletrônica,Identidade Digital,2026-04-07,2,Concluído,4.4,False
1808,810.345.976-39,entregar-imposto-renda,Entregar Imposto de Renda,Finanças e Impostos,2026-05-21,2,Concluído,3.7,False
1809,810.345.976-39,consultar-restituicao,Consultar Restituição,Finanças e Impostos,2026-08-20,1,Concluído,5.0,False
1810,810.345.976-39,consultar-imposto-renda,Consultar Imposto de Renda,Finanças e Impostos,2025-12-29,2,Concluído,3.7,False
1811,124.095.783-14,assinatura-eletronica,Assinatura Eletrônica,Identidade Digital,2026-05-05,1,Concluído,4.6,False
1812,124.095.783-14,passaporte,Solicitar Passaporte,Viagens e Turismo,2026-03-18,10,Concluído,3.8,False
1813,719.804.623-13,assinatura-eletronica,Assinatura Eletrônica,Identidade Digital,2025-12-29,1,Concluído,4.8,False
1814,647.512.389-73,carteira-trabalho,Carteira de Trabalho Digital,Trabalho e Previdência,2026-08-09,2,Concluído,2.6,False
1815,647.512.389-73,entregar-imposto-renda,Entregar Imposto de Renda,Finanças e Impostos,2026-03-14,2,Concluído,4.4,False
1816,647.512.389-73,consultar-restituicao,Consultar Restituição,Finanças e Impostos,2026-01-17,2,Concluído,4.3,False
1817,057.318.942-05,assinatura-eletronica,Assinatura Eletrônica,Identidade Digital,2025-11-16,2,Concluído,4.7,False
1818,057.318.942-05,entregar-imposto-renda,Entregar Imposto de Renda,Finanças e Impostos,2025-12-27,2,Concluído,2.9,False
1819,057.318.942-05,consultar-imposto-renda,Consultar Imposto de Renda,Finanças e Impostos,2025-09-15,1,Concluído,4.6,False
1820,489.273.061-04,passaporte,Solicitar Passaporte,Viagens e Turismo,2026-06-30,1,Concluído,5.0,False
1821,295.436.781-46,consultar-imposto-renda,Consultar Imposto de Renda,Finanças e Impostos,2025-11-29,1,Concluído,4.3,False
1822,698.037.514-84,carteira-trabalho,Carteira de Trabalho Digital,Trabalho e Previdência,2025-11-08,2,Concluído,3.7,False
1823,698.037.514-84,passaporte,Solicitar Passaporte,Viagens e Turismo,2025-11-24,11,Concluído,4.2,False
1824,698.037.514-84,assinatura-eletronica,Assinatura Eletrônica,Identidade Digital,2026-03-13,1,Atrasado,5.0,False
1825,698.037.514-84,cnh-digital,CNH Digital e Segunda Via,Trânsito,2026-01-30,7,Concluído,2.5,False
1826,695.481.723-64,entregar-imposto-renda,Entregar Imposto de Renda,Finanças e Impostos,2025-10-15,2,Concluído,3.9,False
1827,067.124.395-07,carteira-trabalho,Carteira de Trabalho Digital,Trabalho e Previdência,2025-12-13,5,Concluído,4.9,False
1828,067.124.395-07,consultar-imposto-renda,Consultar Imposto de Renda,Finanças e Impostos,2025-11-08,1,Concluído,4.8,False
1829,562.814.730-35,consultar-restituicao,Consultar Restituição,Finanças e Impostos,2026-02-11,1,Concluído,4.5,False
1830,158.639.472-09,consultar-imposto-renda,Consultar Imposto de Renda,Finanças e Impostos,2026-09-07,1,Concluído,4.8,False
1831,158.639.472-09,consultar-restituicao,Consultar Restituição,Finanças e Impostos,2025-09-15,2,Concluído,4.1,False
1832,168.370.429-04,cnh-digital,CNH Digital e Segunda Via,Trânsito,2026-02-06,10,Concluído,3.8,False
1833,189.476.025-58,consultar-restituicao,Consultar Restituição,Finanças e Impostos,2025-09-23,1,Concluído,4.2,False
1834,189.476.025-58,entregar-imposto-renda,Entregar Imposto de Renda,Finanças e Impostos,2026-03-26,1,Em andamento,3.4,False
1835,189.476.025-58,consultar-imposto-renda,Consultar Imposto de Renda,Finanças e Impostos,2026-03-17,3,Concluído,3.9,False
1836,189.476.025-58,cnh-digital,CNH Digital e Segunda Via,Trânsito,2026-02-03,7,Concluído,4.4,False
1837,957.483.012-88,consultar-imposto-renda,Consultar Imposto de Renda,Finanças e Impostos,2026-09-11,1,Concluído,4.0,False
1838,587.961.230-95,entregar-imposto-renda,Entregar Imposto de Renda,Finanças e Impostos,2026-07-27,3,Concluído,4.6,False
1839,587.961.230-95,consultar-restituicao,Consultar Restituição,Finanças e Impostos,2025-12-23,2,Concluído,4.0,False
1840,587.961.230-95,consultar-imposto-renda,Consultar Imposto de Renda,Finanças e Impostos,2026-02-08,1,Concluído,4.9,False
1841,587.961.230-95,cnh-digital,CNH Digital e Segunda Via,Trânsito,2026-07-03,17,Atrasado,4.1,False
1842,519.628.403-60,carteira-trabalho,Carteira de Trabalho Digital,Trabalho e Previdência,2026-07-26,4,Concluído,3.9,False
1843,519.628.403-60,cnh-digital,CNH Digital e Segunda Via,Trânsito,2026-05-23,10,Atrasado,3.4,False
1844,519.628.403-60,entregar-imposto-renda,Entregar Imposto de Renda,Finanças e Impostos,2026-05-19,3,Concluído,3.6,False
1845,607.951.384-66,assinatura-eletronica,Assinatura Eletrônica,Identidade Digital,2026-08-25,2,Concluído,4.4,False
1846,607.951.384-66,carteira-trabalho,Carteira de Trabalho Digital,Trabalho e Previdência,2026-09-11,1,Concluído,3.7,False
1847,812.690.375-95,passaporte,Solicitar Passaporte,Viagens e Turismo,2026-01-25,11,Concluído,4.1,False
1848,812.690.375-95,consultar-restituicao,Consultar Restituição,Finanças e Impostos,2026-07-15,1,Concluído,4.7,False
1849,812.690.375-95,carteira-trabalho,Carteira de Trabalho Digital,Trabalho e Previdência,2026-07-06,9,Concluído,3.6,False
1850,812.690.375-95,consultar-imposto-renda,Consultar Imposto de Renda,Finanças e Impostos,2026-08-05,1,Concluído,3.9,False
1851,708.365.912-59,carteira-trabalho,Carteira de Trabalho Digital,Trabalho e Previdência,2026-04-26,1,Concluído,3.9,True
1852,708.365.912-59,entregar-imposto-renda,Entregar Imposto de Renda,Finanças e Impostos,2025-09-27,1,Concluído,5.0,False
1853,502.619.837-68,consultar-imposto-renda,Consultar Imposto de Renda,Finanças e Impostos,2025-10-25,1,Concluído,4.0,False
1854,502.619.837-68,carteira-trabalho,Carteira de Trabalho Digital,Trabalho e Previdência,2026-05-25,4,Concluído,3.2,False
1855,502.619.837-68,assinatura-eletronica,Assinatura Eletrônica,Identidade Digital,2026-01-03,1,Concluído,5.0,False
1856,629.174.580-11,assinatura-eletronica,Assinatura Eletrônica,Identidade Digital,2026-08-11,1,Concluído,4.6,False
1857,629.174.580-11,consultar-restituicao,Consultar Restituição,Finanças e Impostos,2026-08-26,1,Concluído,4.7,False
1858,059.371.684-10,passaporte,Solicitar Passaporte,Viagens e Turismo,2026-01-10,1,Atrasado,3.5,False
1859,059.371.684-10,entregar-imposto-renda,Entregar Imposto de Renda,Finanças e Impostos,2026-04-18,2,Concluído,3.3,False
1860,178.346.920-03,carteira-trabalho,Carteira de Trabalho Digital,Trabalho e Previdência,2026-07-27,6,Atrasado,5.0,False
1861,178.346.920-03,consultar-restituicao,Consultar Restituição,Finanças e Impostos,2026-01-29,1,Concluído,5.0,False
1862,178.346.920-03,entregar-imposto-renda,Entregar Imposto de Renda,Finanças e Impostos,2026-01-20,5,Concluído,3.7,False
1863,932.146.507-34,passaporte,Solicitar Passaporte,Viagens e Turismo,2025-11-11,9,Concluído,4.0,False
1864,932.146.507-34,consultar-imposto-renda,Consultar Imposto de Renda,Finanças e Impostos,2025-12-29,1,Concluído,5.0,False
1865,932.146.507-34,consultar-restituicao,Consultar Restituição,Finanças e Impostos,2025-12-01,1,Concluído,4.0,False
1866,932.146.507-34,carteira-trabalho,Carteira de Trabalho Digital,Trabalho e Previdência,2026-02-26,6,Concluído,3.0,True
1867,784.612.350-53,passaporte,Solicitar Passaporte,Viagens e Turismo,2026-04-10,8,Em andamento,3.9,False
1868,784.612.350-53,consultar-imposto-renda,Consultar Imposto de Renda,Finanças e Impostos,2025-10-29,3,Concluído,5.0,False
1869,784.612.350-53,entregar-imposto-renda,Entregar Imposto de Renda,Finanças e Impostos,2026-07-10,3,Concluído,3.8,False
1870,784.612.350-53,assinatura-eletronica,Assinatura Eletrônica,Identidade Digital,2026-03-04,2,Concluído,5.0,False
1871,032.879.615-86,passaporte,Solicitar Passaporte,Viagens e Turismo,2026-08-20,7,Concluído,3.7,False
1872,485.216.973-09,cnh-digital,CNH Digital e Segunda Via,Trânsito,2026-02-24,10,Concluído,3.4,False
1873,485.216.973-09,carteira-trabalho,Carteira de Trabalho Digital,Trabalho e Previdência,2026-03-29,2,Concluído,4.0,True
1874,082.913.645-24,cnh-digital,CNH Digital e Segunda Via,Trânsito,2025-12-19,11,Concluído,4.1,False
1875,230.159.647-80,assinatura-eletronica,Assinatura Eletrônica,Identidade Digital,2026-08-28,1,Concluído,4.9,False
1876,230.159.647-80,consultar-imposto-renda,Consultar Imposto de Renda,Finanças e Impostos,2025-10-14,1,Concluído,4.9,False
1877,230.159.647-80,passaporte,Solicitar Passaporte,Viagens e Turismo,2026-08-02,18,Concluído,4.1,False
1878,932.468.150-89,assinatura-eletronica,Assinatura Eletrônica,Identidade Digital,2026-07-28,1,Concluído,3.5,False
1879,932.468.150-89,cnh-digital,CNH Digital e Segunda Via,Trânsito,2025-11-08,12,Concluído,2.9,False
1880,932.468.150-89,carteira-trabalho,Carteira de Trabalho Digital,Trabalho e Previdência,2026-04-13,5,Concluído,4.0,False
1881,932.468.150-89,consultar-imposto-renda,Consultar Imposto de Renda,Finanças e Impostos,2026-01-16,1,Concluído,4.7,False
1882,489.157.036-93,carteira-trabalho,Carteira de Trabalho Digital,Trabalho e Previdência,2025-09-20,3,Concluído,3.5,False
1883,489.157.036-93,entregar-imposto-renda,Entregar Imposto de Renda,Finanças e Impostos,2026-02-25,6,Concluído,3.6,False
1884,489.157.036-93,consultar-restituicao,Consultar Restituição,Finanças e Impostos,2026-01-26,1,Concluído,5.0,False
1885,489.157.036-93,passaporte,Solicitar Passaporte,Viagens e Turismo,2026-05-19,6,Concluído,4.0,False
1886,693.120.874-87,entregar-imposto-renda,Entregar Imposto de Renda,Finanças e Impostos,2026-07-28,2,Atrasado,3.7,False
1887,693.120.874-87,consultar-imposto-renda,Consultar Imposto de Renda,Finanças e Impostos,2026-08-03,2,Concluído,4.9,False
1888,693.120.874-87,assinatura-eletronica,Assinatura Eletrônica,Identidade Digital,2025-11-28,1,Concluído,4.4,False
1889,014.796.358-39,entregar-imposto-renda,Entregar Imposto de Renda,Finanças e Impostos,2026-08-27,2,Concluído,4.6,False
1890,014.796.358-39,passaporte,Solicitar Passaporte,Viagens e Turismo,2026-09-12,12,Concluído,4.2,False
1891,014.796.358-39,cnh-digital,CNH Digital e Segunda Via,Trânsito,2026-01-07,5,Concluído,3.6,False
1892,014.796.358-39,consultar-imposto-renda,Consultar Imposto de Renda,Finanças e Impostos,2025-09-17,1,Concluído,4.4,False
1893,176.493.208-04,assinatura-eletronica,Assinatura Eletrônica,Identidade Digital,2026-02-09,1,Concluído,4.0,False
1894,495.372.806-83,carteira-trabalho,Carteira de Trabalho Digital,Trabalho e Previdência,2026-07-14,6,Em andamento,4.2,False
1895,495.372.806-83,passaporte,Solicitar Passaporte,Viagens e Turismo,2026-06-19,7,Concluído,3.3,False
1896,968.047.523-92,consultar-restituicao,Consultar Restituição,Finanças e Impostos,2026-02-04,2,Concluído,4.5,False
1897,968.047.523-92,assinatura-eletronica,Assinatura Eletrônica,Identidade Digital,2026-04-29,1,Concluído,4.5,False
1898,968.047.523-92,entregar-imposto-renda,Entregar Imposto de Renda,Finanças e Impostos,2025-10-17,4,Concluído,4.3,False
1899,968.047.523-92,passaporte,Solicitar Passaporte,Viagens e Turismo,2025-11-04,17,Concluído,3.6,False
1900,068.591.473-93,consultar-restituicao,Consultar Restituição,Finanças e Impostos,2026-06-22,1,Concluído,4.3,False
1901,068.591.473-93,consultar-imposto-renda,Consultar Imposto de Renda,Finanças e Impostos,2026-02-13,1,Em andamento,4.9,False
1902,068.591.473-93,entregar-imposto-renda,Entregar Imposto de Renda,Finanças e Impostos,2025-09-20,4,Concluído,4.8,False
1903,068.591.473-93,passaporte,Solicitar Passaporte,Viagens e Turismo,2026-03-29,18,Concluído,4.3,False
1904,470.236.185-62,entregar-imposto-renda,Entregar Imposto de Renda,Finanças e Impostos,2025-10-24,2,Concluído,3.7,False
1905,354.086.912-33,entregar-imposto-renda,Entregar Imposto de Renda,Finanças e Impostos,2026-02-08,2,Concluído,3.6,False
1906,354.086.912-33,cnh-digital,CNH Digital e Segunda Via,Trânsito,2026-02-20,12,Concluído,3.4,False
1907,528.709.163-02,assinatura-eletronica,Assinatura Eletrônica,Identidade Digital,2026-05-27,1,Concluído,5.0,False
1908,528.709.163-02,passaporte,Solicitar Passaporte,Viagens e Turismo,2025-12-21,4,Concluído,3.3,False
1909,964.152.780-02,cnh-digital,CNH Digital e Segunda Via,Trânsito,2025-10-07,10,Concluído,3.5,False
1910,964.152.780-02,passaporte,Solicitar Passaporte,Viagens e Turismo,2026-05-27,20,Concluído,4.4,False
1911,964.152.780-02,carteira-trabalho,Carteira de Trabalho Digital,Trabalho e Previdência,2026-06-22,5,Concluído,3.6,False
1912,824.031.769-31,carteira-trabalho,Carteira de Trabalho Digital,Trabalho e Previdência,2026-02-09,4,Concluído,3.1,True
1913,824.031.769-31,consultar-restituicao,Consultar Restituição,Finanças e Impostos,2025-12-02,1,Concluído,5.0,False
1914,836.145.927-82,entregar-imposto-renda,Entregar Imposto de Renda,Finanças e Impostos,2025-12-17,5,Concluído,4.3,False
1915,836.145.927-82,carteira-trabalho,Carteira de Trabalho Digital,Trabalho e Previdência,2026-06-21,9,Concluído,3.2,False
1916,836.145.927-82,cnh-digital,CNH Digital e Segunda Via,Trânsito,2025-12-02,3,Concluído,4.0,True
1917,382.049.765-00,passaporte,Solicitar Passaporte,Viagens e Turismo,2026-03-11,18,Concluído,3.0,False
1918,382.049.765-00,entregar-imposto-renda,Entregar Imposto de Renda,Finanças e Impostos,2026-02-09,3,Atrasado,4.6,False
1919,382.049.765-00,consultar-imposto-renda,Consultar Imposto de Renda,Finanças e Impostos,2026-03-03,1,Em andamento,5.0,False
1920,382.049.765-00,assinatura-eletronica,Assinatura Eletrônica,Identidade Digital,2026-03-14,1,Concluído,4.6,False
1921,120.436.798-13,entregar-imposto-renda,Entregar Imposto de Renda,Finanças e Impostos,2026-05-08,3,Concluído,3.9,False
1922,263.579.410-34,passaporte,Solicitar Passaporte,Viagens e Turismo,2026-08-23,20,Concluído,3.8,False
1923,263.579.410-34,consultar-restituicao,Consultar Restituição,Finanças e Impostos,2026-08-16,3,Concluído,4.3,False
1924,263.579.410-34,cnh-digital,CNH Digital e Segunda Via,Trânsito,2026-01-16,13,Concluído,3.7,False
1925,862.519.407-94,assinatura-eletronica,Assinatura Eletrônica,Identidade Digital,2026-03-09,3,Concluído,4.8,False
1926,725.108.496-11,cnh-digital,CNH Digital e Segunda Via,Trânsito,2026-08-03,2,Concluído,4.3,False
1927,725.108.496-11,consultar-imposto-renda,Consultar Imposto de Renda,Finanças e Impostos,2026-08-14,1,Concluído,5.0,False
1928,840.976.521-76,passaporte,Solicitar Passaporte,Viagens e Turismo,2026-09-06,8,Atrasado,4.6,False
1929,840.976.521-76,carteira-trabalho,Carteira de Trabalho Digital,Trabalho e Previdência,2026-06-20,8,Em andamento,3.2,False
1930,951.764.302-07,consultar-restituicao,Consultar Restituição,Finanças e Impostos,2026-06-08,1,Concluído,3.9,False
1931,951.764.302-07,passaporte,Solicitar Passaporte,Viagens e Turismo,2026-08-03,13,Concluído,4.0,False
1932,951.764.302-07,assinatura-eletronica,Assinatura Eletrônica,Identidade Digital,2025-09-27,1,Concluído,4.6,False
1933,951.764.302-07,carteira-trabalho,Carteira de Trabalho Digital,Trabalho e Previdência,2026-09-13,4,Concluído,4.3,False
1934,091.625.873-40,carteira-trabalho,Carteira de Trabalho Digital,Trabalho e Previdência,2026-01-20,10,Concluído,4.3,True
1935,867.054.913-10,carteira-trabalho,Carteira de Trabalho Digital,Trabalho e Previdência,2026-06-20,5,Concluído,3.2,True
1936,867.054.913-10,passaporte,Solicitar Passaporte,Viagens e Turismo,2026-05-11,9,Atrasado,4.6,False
1937,867.054.913-10,assinatura-eletronica,Assinatura Eletrônica,Identidade Digital,2026-07-09,1,Concluído,5.0,False
1938,189.562.340-51,consultar-imposto-renda,Consultar Imposto de Renda,Finanças e Impostos,2026-02-15,1,Concluído,4.7,False
1939,189.562.340-51,carteira-trabalho,Carteira de Trabalho Digital,Trabalho e Previdência,2026-06-16,7,Concluído,3.5,True
1940,189.562.340-51,entregar-imposto-renda,Entregar Imposto de Renda,Finanças e Impostos,2026-03-17,2,Concluído,3.6,False
1941,170.382.649-31,cnh-digital,CNH Digital e Segunda Via,Trânsito,2025-11-19,5,Concluído,4.2,False
1942,170.382.649-31,passaporte,Solicitar Passaporte,Viagens e Turismo,2026-03-21,7,Concluído,3.1,False
1943,170.382.649-31,consultar-imposto-renda,Consultar Imposto de Renda,Finanças e Impostos,2026-03-23,1,Concluído,3.6,False
1944,170.382.649-31,assinatura-eletronica,Assinatura Eletrônica,Identidade Digital,2026-04-30,2,Concluído,5.0,False
1945,982.570.431-41,entregar-imposto-renda,Entregar Imposto de Renda,Finanças e Impostos,2026-01-14,4,Concluído,4.5,False
1946,982.570.431-41,assinatura-eletronica,Assinatura Eletrônica,Identidade Digital,2026-03-05,1,Concluído,3.5,False
1947,982.570.431-41,passaporte,Solicitar Passaporte,Viagens e Turismo,2026-07-23,5,Concluído,2.9,False
1948,982.570.431-41,consultar-imposto-renda,Consultar Imposto de Renda,Finanças e Impostos,2026-02-11,1,Concluído,4.4,False
1949,031.875.296-40,entregar-imposto-renda,Entregar Imposto de Renda,Finanças e Impostos,2026-06-23,2,Concluído,4.0,False
1950,031.875.296-40,cnh-digital,CNH Digital e Segunda Via,Trânsito,2025-11-03,3,Concluído,3.9,False
1951,352.917.604-43,entregar-imposto-renda,Entregar Imposto de Renda,Finanças e Impostos,2026-03-07,1,Concluído,3.5,False
1952,352.917.604-43,passaporte,Solicitar Passaporte,Viagens e Turismo,2026-08-25,23,Atrasado,3.6,False
1953,068.321.749-69,consultar-restituicao,Consultar Restituição,Finanças e Impostos,2026-02-08,1,Concluído,3.0,False
1954,127.094.865-20,consultar-imposto-renda,Consultar Imposto de Renda,Finanças e Impostos,2025-12-26,1,Concluído,4.7,False
1955,317.864.052-53,carteira-trabalho,Carteira de Trabalho Digital,Trabalho e Previdência,2026-07-10,3,Concluído,2.7,True
1956,317.864.052-53,consultar-imposto-renda,Consultar Imposto de Renda,Finanças e Impostos,2026-07-04,1,Concluído,3.7,False
1957,572.340.196-34,passaporte,Solicitar Passaporte,Viagens e Turismo,2026-07-01,13,Concluído,4.2,False
1958,241.765.938-73,consultar-imposto-renda,Consultar Imposto de Renda,Finanças e Impostos,2026-02-03,2,Concluído,4.5,False
1959,241.765.938-73,cnh-digital,CNH Digital e Segunda Via,Trânsito,2026-03-07,10,Concluído,3.7,False
1960,018.345.926-15,passaporte,Solicitar Passaporte,Viagens e Turismo,2026-01-20,10,Concluído,2.8,False
1961,018.345.926-15,consultar-imposto-renda,Consultar Imposto de Renda,Finanças e Impostos,2026-07-11,1,Concluído,5.0,False
1962,018.345.926-15,consultar-restituicao,Consultar Restituição,Finanças e Impostos,2026-03-31,2,Concluído,3.8,False
1963,018.345.926-15,carteira-trabalho,Carteira de Trabalho Digital,Trabalho e Previdência,2026-02-09,2,Concluído,3.2,False
1964,061.879.435-20,consultar-imposto-renda,Consultar Imposto de Renda,Finanças e Impostos,2025-11-07,1,Concluído,4.7,False
1965,792.348.106-78,carteira-trabalho,Carteira de Trabalho Digital,Trabalho e Previdência,2025-11-12,5,Concluído,2.3,True
1966,076.541.398-10,assinatura-eletronica,Assinatura Eletrônica,Identidade Digital,2026-04-13,1,Concluído,4.8,False
1967,076.541.398-10,consultar-imposto-renda,Consultar Imposto de Renda,Finanças e Impostos,2026-02-09,1,Concluído,4.7,False
1968,562.941.807-67,assinatura-eletronica,Assinatura Eletrônica,Identidade Digital,2026-06-23,1,Concluído,5.0,False
1969,562.941.807-67,entregar-imposto-renda,Entregar Imposto de Renda,Finanças e Impostos,2026-08-03,1,Concluído,4.7,False
1970,562.941.807-67,consultar-restituicao,Consultar Restituição,Finanças e Impostos,2026-02-19,1,Concluído,4.4,False
1971,562.941.807-67,consultar-imposto-renda,Consultar Imposto de Renda,Finanças e Impostos,2025-11-24,1,Concluído,4.3,False
1972,362.904.817-03,consultar-restituicao,Consultar Restituição,Finanças e Impostos,2026-05-05,1,Concluído,4.2,False
1973,362.904.817-03,assinatura-eletronica,Assinatura Eletrônica,Identidade Digital,2026-01-27,1,Concluído,4.6,False
1974,362.904.817-03,entregar-imposto-renda,Entregar Imposto de Renda,Finanças e Impostos,2025-12-15,4,Concluído,3.8,False
1975,362.904.817-03,cnh-digital,CNH Digital e Segunda Via,Trânsito,2026-02-09,4,Concluído,3.6,False
1976,362.754.189-82,passaporte,Solicitar Passaporte,Viagens e Turismo,2026-06-05,5,Em andamento,3.7,False
1977,362.754.189-82,carteira-trabalho,Carteira de Trabalho Digital,Trabalho e Previdência,2026-01-20,5,Concluído,3.9,False
1978,362.754.189-82,entregar-imposto-renda,Entregar Imposto de Renda,Finanças e Impostos,2025-11-12,2,Concluído,3.5,False
1979,980.576.432-00,cnh-digital,CNH Digital e Segunda Via,Trânsito,2026-05-01,10,Concluído,4.2,False
1980,980.576.432-00,assinatura-eletronica,Assinatura Eletrônica,Identidade Digital,2025-10-24,1,Concluído,4.7,False
1981,980.576.432-00,carteira-trabalho,Carteira de Trabalho Digital,Trabalho e Previdência,2025-12-16,5,Concluído,3.1,True
1982,978.251.640-67,passaporte,Solicitar Passaporte,Viagens e Turismo,2026-02-06,16,Concluído,3.5,False
1983,978.251.640-67,consultar-restituicao,Consultar Restituição,Finanças e Impostos,2025-11-02,1,Concluído,5.0,False
1984,743.051.962-80,assinatura-eletronica,Assinatura Eletrônica,Identidade Digital,2026-08-26,2,Concluído,5.0,False
1985,743.051.962-80,cnh-digital,CNH Digital e Segunda Via,Trânsito,2026-07-25,1,Concluído,4.8,False
1986,743.051.962-80,entregar-imposto-renda,Entregar Imposto de Renda,Finanças e Impostos,2026-04-13,3,Em andamento,4.0,False
1987,743.051.962-80,carteira-trabalho,Carteira de Trabalho Digital,Trabalho e Previdência,2025-10-15,5,Atrasado,3.4,False
1988,709.542.681-30,entregar-imposto-renda,Entregar Imposto de Renda,Finanças e Impostos,2025-12-12,4,Concluído,3.5,False
1989,709.542.681-30,carteira-trabalho,Carteira de Trabalho Digital,Trabalho e Previdência,2026-03-07,3,Em andamento,3.4,False
1990,709.542.681-30,passaporte,Solicitar Passaporte,Viagens e Turismo,2026-06-11,11,Concluído,4.7,False
1991,541.283.067-62,passaporte,Solicitar Passaporte,Viagens e Turismo,2026-04-28,16,Atrasado,3.8,False
1992,541.283.067-62,entregar-imposto-renda,Entregar Imposto de Renda,Finanças e Impostos,2026-04-27,3,Em andamento,4.7,False
1993,497.320.561-34,consultar-imposto-renda,Consultar Imposto de Renda,Finanças e Impostos,2025-09-16,1,Concluído,4.5,False
1994,497.320.561-34,assinatura-eletronica,Assinatura Eletrônica,Identidade Digital,2025-09-15,1,Concluído,4.2,False
1995,637.890.251-86,carteira-trabalho,Carteira de Trabalho Digital,Trabalho e Previdência,2025-12-03,7,Concluído,3.6,False
1996,637.890.251-86,consultar-restituicao,Consultar Restituição,Finanças e Impostos,2026-01-21,2,Concluído,3.9,False
1997,637.890.251-86,passaporte,Solicitar Passaporte,Viagens e Turismo,2026-06-19,10,Concluído,3.4,False
1998,491.350.268-98,passaporte,Solicitar Passaporte,Viagens e Turismo,2026-01-08,7,Concluído,3.6,False
1999,190.572.638-40,entregar-imposto-renda,Entregar Imposto de Renda,Finanças e Impostos,2026-01-26,3,Concluído,3.8,False
2000,190.572.638-40,cnh-digital,CNH Digital e Segunda Via,Trânsito,2026-06-21,5,Concluído,3.2,False
2001,190.572.638-40,passaporte,Solicitar Passaporte,Viagens e Turismo,2026-04-22,6,Concluído,3.6,False
2002,129.506.384-06,consultar-restituicao,Consultar Restituição,Finanças e Impostos,2026-07-13,2,Atrasado,4.7,False
2003,129.506.384-06,carteira-trabalho,Carteira de Trabalho Digital,Trabalho e Previdência,2026-06-15,8,Atrasado,2.8,False
2004,927.854.013-79,cnh-digital,CNH Digital e Segunda Via,Trânsito,2025-11-12,7,Concluído,4.7,False
2005,927.854.013-79,consultar-imposto-renda,Consultar Imposto de Renda,Finanças e Impostos,2025-09-28,2,Concluído,4.0,False
2006,927.854.013-79,consultar-restituicao,Consultar Restituição,Finanças e Impostos,2025-12-14,1,Concluído,4.4,False
2007,325.617.984-37,entregar-imposto-renda,Entregar Imposto de Renda,Finanças e Impostos,2026-02-22,2,Concluído,4.6,False
2008,325.617.984-37,consultar-restituicao,Consultar Restituição,Finanças e Impostos,2026-01-20,1,Concluído,3.7,False
2009,325.617.984-37,consultar-imposto-renda,Consultar Imposto de Renda,Finanças e Impostos,2025-11-21,1,Concluído,3.0,False
2010,325.617.984-37,carteira-trabalho,Carteira de Trabalho Digital,Trabalho e Previdência,2025-10-24,7,Concluído,3.7,False
2011,492.065.318-24,carteira-trabalho,Carteira de Trabalho Digital,Trabalho e Previdência,2025-11-26,4,Concluído,2.2,False
2012,914.523.678-09,passaporte,Solicitar Passaporte,Viagens e Turismo,2025-11-11,18,Concluído,3.2,False
2013,914.523.678-09,assinatura-eletronica,Assinatura Eletrônica,Identidade Digital,2026-06-08,1,Concluído,4.3,False
2014,914.523.678-09,entregar-imposto-renda,Entregar Imposto de Renda,Finanças e Impostos,2026-05-15,5,Em andamento,5.0,False
2015,914.523.678-09,cnh-digital,CNH Digital e Segunda Via,Trânsito,2026-04-17,9,Concluído,3.8,False
2016,678.235.410-17,consultar-imposto-renda,Consultar Imposto de Renda,Finanças e Impostos,2025-11-09,2,Concluído,3.3,False
2017,678.235.410-17,cnh-digital,CNH Digital e Segunda Via,Trânsito,2026-05-12,1,Concluído,4.1,True
2018,678.235.410-17,consultar-restituicao,Consultar Restituição,Finanças e Impostos,2025-10-03,1,Concluído,4.9,False
2019,678.235.410-17,assinatura-eletronica,Assinatura Eletrônica,Identidade Digital,2026-03-01,2,Concluído,4.9,False
2020,062.148.597-76,passaporte,Solicitar Passaporte,Viagens e Turismo,2025-11-08,8,Concluído,3.2,False
2021,438.796.510-00,cnh-digital,CNH Digital e Segunda Via,Trânsito,2026-02-23,11,Concluído,2.9,False
2022,438.796.510-00,passaporte,Solicitar Passaporte,Viagens e Turismo,2025-12-27,8,Em andamento,3.3,False
2023,438.796.510-00,assinatura-eletronica,Assinatura Eletrônica,Identidade Digital,2026-05-03,1,Concluído,3.8,False
2024,438.796.510-00,entregar-imposto-renda,Entregar Imposto de Renda,Finanças e Impostos,2026-06-20,1,Concluído,4.6,False
2025,387.619.405-93,cnh-digital,CNH Digital e Segunda Via,Trânsito,2026-05-30,8,Concluído,4.2,False
2026,387.619.405-93,consultar-restituicao,Consultar Restituição,Finanças e Impostos,2025-09-16,1,Concluído,4.5,False
2027,458.671.239-28,passaporte,Solicitar Passaporte,Viagens e Turismo,2026-01-27,10,Concluído,3.1,False
2028,458.671.239-28,consultar-restituicao,Consultar Restituição,Finanças e Impostos,2026-07-05,1,Concluído,4.9,False
2029,458.671.239-28,entregar-imposto-renda,Entregar Imposto de Renda,Finanças e Impostos,2026-03-09,1,Concluído,3.5,False
2030,485.921.630-05,carteira-trabalho,Carteira de Trabalho Digital,Trabalho e Previdência,2026-04-11,2,Concluído,3.7,False
2031,485.921.630-05,passaporte,Solicitar Passaporte,Viagens e Turismo,2025-09-24,17,Em andamento,4.4,False
2032,517.342.089-88,assinatura-eletronica,Assinatura Eletrônica,Identidade Digital,2025-11-20,1,Concluído,5.0,False
2033,517.342.089-88,consultar-imposto-renda,Consultar Imposto de Renda,Finanças e Impostos,2025-12-28,1,Concluído,2.3,False
2034,597.412.683-19,entregar-imposto-renda,Entregar Imposto de Renda,Finanças e Impostos,2026-06-27,1,Concluído,3.5,False
2035,597.412.683-19,passaporte,Solicitar Passaporte,Viagens e Turismo,2026-03-05,16,Concluído,3.3,False
2036,384.195.062-06,consultar-imposto-renda,Consultar Imposto de Renda,Finanças e Impostos,2025-10-07,2,Concluído,4.1,False
2037,384.195.062-06,consultar-restituicao,Consultar Restituição,Finanças e Impostos,2026-05-23,2,Concluído,5.0,False
2038,384.195.062-06,passaporte,Solicitar Passaporte,Viagens e Turismo,2026-07-15,9,Concluído,3.3,False
2039,384.195.062-06,assinatura-eletronica,Assinatura Eletrônica,Identidade Digital,2025-10-23,2,Concluído,4.0,False
2040,276.418.350-07,passaporte,Solicitar Passaporte,Viagens e Turismo,2026-03-12,9,Concluído,3.3,False
2041,276.418.350-07,consultar-imposto-renda,Consultar Imposto de Renda,Finanças e Impostos,2026-03-30,1,Atrasado,4.3,False
2042,057.216.349-52,cnh-digital,CNH Digital e Segunda Via,Trânsito,2026-08-17,4,Concluído,3.9,False
2043,908.561.372-86,passaporte,Solicitar Passaporte,Viagens e Turismo,2026-05-12,13,Concluído,4.7,False
2044,908.561.372-86,cnh-digital,CNH Digital e Segunda Via,Trânsito,2025-11-07,8,Concluído,4.2,False
